"","sub_id","step","action","held","target","yield","max_level","points","total_points","log_total_points","held_shape","held_texture","held_level","target_shape","target_texture","target_level","yield_shape","yield_texture","yield_level","condition"
"1",93,1,"combine","diamond_stripes_0","triangle_stripes_0","diamond_stripes_1",1,0,0,0,"diamond","stripes",0,"triangle","stripes",0,"diamond","stripes",1,"hard"
"2",93,2,"combine","diamond_stripes_1","triangle_dots_0","diamond_dots_2",2,0,0,0,"diamond","stripes",1,"triangle","dots",0,"diamond","dots",2,"hard"
"3",93,3,"combine","diamond_dots_2","triangle_plain_0","",2,0,0,0,"diamond","dots",2,"triangle","plain",0,"","",0,"hard"
"4",93,4,"combine","diamond_dots_2","triangle_checkered_0","diamond_checkered_3",3,0,0,0,"diamond","dots",2,"triangle","checkered",0,"diamond","checkered",3,"hard"
"5",93,5,"combine","diamond_checkered_3","triangle_dots_0","diamond_dots_4",4,0,0,0,"diamond","checkered",3,"triangle","dots",0,"diamond","dots",4,"hard"
"6",93,6,"combine","diamond_dots_4","triangle_checkered_0","diamond_checkered_5",5,0,0,0,"diamond","dots",4,"triangle","checkered",0,"diamond","checkered",5,"hard"
"7",93,7,"combine","diamond_checkered_5","triangle_plain_0","",5,0,0,0,"diamond","checkered",5,"triangle","plain",0,"","",0,"hard"
"8",93,8,"combine","diamond_checkered_5","triangle_stripes_0","",5,0,0,0,"diamond","checkered",5,"triangle","stripes",0,"","",0,"hard"
"9",93,9,"combine","diamond_checkered_5","diamond_stripes_0","",5,0,0,0,"diamond","checkered",5,"diamond","stripes",0,"","",0,"hard"
"10",93,10,"combine","diamond_checkered_5","circle_checkered_0","",5,0,0,0,"diamond","checkered",5,"circle","checkered",0,"","",0,"hard"
"11",93,11,"combine","diamond_checkered_5","diamond_dots_0","",5,0,0,0,"diamond","checkered",5,"diamond","dots",0,"","",0,"hard"
"12",93,12,"combine","diamond_checkered_5","diamond_checkered_0","",5,0,0,0,"diamond","checkered",5,"diamond","checkered",0,"","",0,"hard"
"13",93,13,"combine","diamond_checkered_5","triangle_plain_0","",5,0,0,0,"diamond","checkered",5,"triangle","plain",0,"","",0,"hard"
"14",93,14,"consume","diamond_checkered_5","","",5,100000,100000,11.5129254649702,"diamond","checkered",5,"","",0,"","",0,"hard"
"15",93,15,"combine","diamond_plain_0","triangle_plain_0","diamond_plain_1",5,0,100000,11.5129254649702,"diamond","plain",0,"triangle","plain",0,"diamond","plain",1,"hard"
"16",93,16,"combine","diamond_plain_1","triangle_stripes_0","diamond_stripes_2",5,0,100000,11.5129254649702,"diamond","plain",1,"triangle","stripes",0,"diamond","stripes",2,"hard"
"17",93,17,"combine","diamond_stripes_2","diamond_stripes_0","",5,0,100000,11.5129254649702,"diamond","stripes",2,"diamond","stripes",0,"","",0,"hard"
"18",93,18,"consume","diamond_stripes_2","","",5,100,100100,11.5139249653033,"diamond","stripes",2,"","",0,"","",0,"hard"
"19",93,19,"combine","square_dots_0","triangle_plain_0","",5,0,100100,11.5139249653033,"square","dots",0,"triangle","plain",0,"","",0,"hard"
"20",93,20,"combine","square_dots_0","square_plain_0","",5,0,100100,11.5139249653033,"square","dots",0,"square","plain",0,"","",0,"hard"
"21",93,21,"combine","square_dots_0","diamond_stripes_0","",5,0,100100,11.5139249653033,"square","dots",0,"diamond","stripes",0,"","",0,"hard"
"22",93,22,"combine","square_dots_0","circle_dots_0","square_dots_1",5,0,100100,11.5139249653033,"square","dots",0,"circle","dots",0,"square","dots",1,"hard"
"23",93,23,"combine","square_dots_1","diamond_dots_0","",5,0,100100,11.5139249653033,"square","dots",1,"diamond","dots",0,"","",0,"hard"
"24",93,24,"combine","square_dots_1","diamond_stripes_0","",5,0,100100,11.5139249653033,"square","dots",1,"diamond","stripes",0,"","",0,"hard"
"25",93,25,"combine","square_dots_1","square_plain_0","",5,0,100100,11.5139249653033,"square","dots",1,"square","plain",0,"","",0,"hard"
"26",93,26,"consume","square_dots_1","","",5,10,100110,11.5140248604135,"square","dots",1,"","",0,"","",0,"hard"
"27",93,27,"combine","diamond_stripes_0","circle_checkered_0","",5,0,100110,11.5140248604135,"diamond","stripes",0,"circle","checkered",0,"","",0,"hard"
"28",93,28,"combine","diamond_stripes_0","circle_stripes_0","",5,0,100110,11.5140248604135,"diamond","stripes",0,"circle","stripes",0,"","",0,"hard"
"29",93,29,"combine","diamond_stripes_0","diamond_dots_0","",5,0,100110,11.5140248604135,"diamond","stripes",0,"diamond","dots",0,"","",0,"hard"
"30",93,30,"combine","diamond_stripes_0","square_checkered_0","",5,0,100110,11.5140248604135,"diamond","stripes",0,"square","checkered",0,"","",0,"hard"
"31",93,31,"combine","diamond_stripes_0","square_stripes_0","",5,0,100110,11.5140248604135,"diamond","stripes",0,"square","stripes",0,"","",0,"hard"
"32",93,32,"consume","diamond_stripes_0","","",5,1,100111,11.5140348493757,"diamond","stripes",0,"","",0,"","",0,"hard"
"33",93,33,"combine","square_dots_0","diamond_plain_0","",5,0,100111,11.5140348493757,"square","dots",0,"diamond","plain",0,"","",0,"hard"
"34",93,34,"consume","square_dots_0","","",5,1,100112,11.5140448382381,"square","dots",0,"","",0,"","",0,"hard"
"35",93,35,"consume","circle_plain_0","","",5,1,100113,11.5140548270008,"circle","plain",0,"","",0,"","",0,"hard"
"36",93,36,"consume","triangle_plain_0","","",5,1,100114,11.5140648156637,"triangle","plain",0,"","",0,"","",0,"hard"
"37",93,37,"consume","square_plain_0","","",5,1,100115,11.5140748042268,"square","plain",0,"","",0,"","",0,"hard"
"38",93,38,"consume","circle_checkered_0","","",5,1,100116,11.5140847926901,"circle","checkered",0,"","",0,"","",0,"hard"
"39",93,39,"combine","square_plain_0","circle_stripes_0","square_stripes_1",5,0,100116,11.5140847926901,"square","plain",0,"circle","stripes",0,"square","stripes",1,"hard"
"40",93,40,"combine","square_stripes_1","diamond_dots_0","",5,0,100116,11.5140847926901,"square","stripes",1,"diamond","dots",0,"","",0,"hard"
"41",94,1,"combine","diamond_stripes_0","diamond_dots_0","",0,0,0,0,"diamond","stripes",0,"diamond","dots",0,"","",0,"hard"
"42",94,2,"combine","diamond_stripes_0","circle_plain_0","",0,0,0,0,"diamond","stripes",0,"circle","plain",0,"","",0,"hard"
"43",94,3,"combine","diamond_stripes_0","circle_checkered_0","",0,0,0,0,"diamond","stripes",0,"circle","checkered",0,"","",0,"hard"
"44",94,4,"combine","diamond_stripes_0","diamond_checkered_0","",0,0,0,0,"diamond","stripes",0,"diamond","checkered",0,"","",0,"hard"
"45",94,5,"combine","diamond_stripes_0","circle_dots_0","",0,0,0,0,"diamond","stripes",0,"circle","dots",0,"","",0,"hard"
"46",94,6,"combine","diamond_stripes_0","triangle_plain_0","diamond_plain_1",1,0,0,0,"diamond","stripes",0,"triangle","plain",0,"diamond","plain",1,"hard"
"47",94,7,"combine","diamond_plain_1","square_stripes_0","",1,0,0,0,"diamond","plain",1,"square","stripes",0,"","",0,"hard"
"48",94,8,"combine","diamond_plain_1","diamond_checkered_0","",1,0,0,0,"diamond","plain",1,"diamond","checkered",0,"","",0,"hard"
"49",94,9,"combine","diamond_plain_1","square_plain_0","",1,0,0,0,"diamond","plain",1,"square","plain",0,"","",0,"hard"
"50",94,10,"combine","diamond_plain_1","diamond_dots_0","",1,0,0,0,"diamond","plain",1,"diamond","dots",0,"","",0,"hard"
"51",94,11,"combine","diamond_plain_1","circle_checkered_0","",1,0,0,0,"diamond","plain",1,"circle","checkered",0,"","",0,"hard"
"52",94,12,"combine","diamond_plain_1","triangle_stripes_0","diamond_stripes_2",2,0,0,0,"diamond","plain",1,"triangle","stripes",0,"diamond","stripes",2,"hard"
"53",94,13,"combine","circle_dots_0","diamond_checkered_0","",2,0,0,0,"circle","dots",0,"diamond","checkered",0,"","",0,"hard"
"54",94,14,"combine","circle_dots_0","square_checkered_0","circle_checkered_1",2,0,0,0,"circle","dots",0,"square","checkered",0,"circle","checkered",1,"hard"
"55",94,15,"combine","circle_checkered_1","square_stripes_0","",2,0,0,0,"circle","checkered",1,"square","stripes",0,"","",0,"hard"
"56",94,16,"combine","circle_checkered_1","triangle_dots_0","",2,0,0,0,"circle","checkered",1,"triangle","dots",0,"","",0,"hard"
"57",94,17,"combine","circle_checkered_1","diamond_stripes_2","",2,0,0,0,"circle","checkered",1,"diamond","stripes",2,"","",0,"hard"
"58",94,18,"combine","circle_checkered_1","square_dots_0","circle_dots_2",2,0,0,0,"circle","checkered",1,"square","dots",0,"circle","dots",2,"hard"
"59",94,19,"combine","square_stripes_0","triangle_dots_0","",2,0,0,0,"square","stripes",0,"triangle","dots",0,"","",0,"hard"
"60",94,20,"combine","square_stripes_0","square_dots_0","",2,0,0,0,"square","stripes",0,"square","dots",0,"","",0,"hard"
"61",94,21,"combine","square_stripes_0","circle_dots_2","square_dots_3",3,0,0,0,"square","stripes",0,"circle","dots",2,"square","dots",3,"hard"
"62",94,22,"combine","square_dots_3","circle_checkered_0","square_checkered_4",4,0,0,0,"square","dots",3,"circle","checkered",0,"square","checkered",4,"hard"
"63",94,23,"combine","square_checkered_4","circle_plain_0","",4,0,0,0,"square","checkered",4,"circle","plain",0,"","",0,"hard"
"64",94,24,"combine","square_checkered_4","circle_stripes_0","",4,0,0,0,"square","checkered",4,"circle","stripes",0,"","",0,"hard"
"65",94,25,"combine","square_checkered_4","diamond_stripes_0","",4,0,0,0,"square","checkered",4,"diamond","stripes",0,"","",0,"hard"
"66",94,26,"combine","square_checkered_4","diamond_stripes_2","",4,0,0,0,"square","checkered",4,"diamond","stripes",2,"","",0,"hard"
"67",94,27,"combine","square_checkered_4","square_plain_0","",4,0,0,0,"square","checkered",4,"square","plain",0,"","",0,"hard"
"68",94,28,"combine","square_checkered_4","square_stripes_0","",4,0,0,0,"square","checkered",4,"square","stripes",0,"","",0,"hard"
"69",94,29,"combine","square_checkered_4","circle_dots_0","square_dots_5",5,0,0,0,"square","checkered",4,"circle","dots",0,"square","dots",5,"hard"
"70",94,30,"combine","square_dots_5","triangle_checkered_0","",5,0,0,0,"square","dots",5,"triangle","checkered",0,"","",0,"hard"
"71",94,31,"combine","square_dots_5","circle_plain_0","",5,0,0,0,"square","dots",5,"circle","plain",0,"","",0,"hard"
"72",94,32,"combine","square_dots_5","diamond_dots_0","",5,0,0,0,"square","dots",5,"diamond","dots",0,"","",0,"hard"
"73",94,33,"combine","square_dots_5","circle_checkered_0","",5,0,0,0,"square","dots",5,"circle","checkered",0,"","",0,"hard"
"74",94,34,"combine","square_dots_5","diamond_stripes_2","",5,0,0,0,"square","dots",5,"diamond","stripes",2,"","",0,"hard"
"75",94,35,"combine","square_dots_5","square_dots_0","",5,0,0,0,"square","dots",5,"square","dots",0,"","",0,"hard"
"76",94,36,"combine","square_dots_5","circle_stripes_0","",5,0,0,0,"square","dots",5,"circle","stripes",0,"","",0,"hard"
"77",94,37,"combine","square_dots_5","diamond_stripes_0","",5,0,0,0,"square","dots",5,"diamond","stripes",0,"","",0,"hard"
"78",94,38,"combine","square_dots_5","diamond_checkered_0","",5,0,0,0,"square","dots",5,"diamond","checkered",0,"","",0,"hard"
"79",94,39,"combine","square_dots_5","square_plain_0","",5,0,0,0,"square","dots",5,"square","plain",0,"","",0,"hard"
"80",94,40,"combine","square_dots_5","diamond_stripes_2","",5,0,0,0,"square","dots",5,"diamond","stripes",2,"","",0,"hard"
"81",95,1,"combine","triangle_dots_0","triangle_stripes_0","",0,0,0,0,"triangle","dots",0,"triangle","stripes",0,"","",0,"medium"
"82",95,2,"combine","triangle_dots_0","diamond_checkered_0","triangle_checkered_1",1,0,0,0,"triangle","dots",0,"diamond","checkered",0,"triangle","checkered",1,"medium"
"83",95,3,"combine","triangle_checkered_1","triangle_plain_0","",1,0,0,0,"triangle","checkered",1,"triangle","plain",0,"","",0,"medium"
"84",95,4,"combine","triangle_checkered_1","triangle_checkered_0","",1,0,0,0,"triangle","checkered",1,"triangle","checkered",0,"","",0,"medium"
"85",95,5,"combine","triangle_checkered_1","diamond_dots_0","triangle_dots_2",2,0,0,0,"triangle","checkered",1,"diamond","dots",0,"triangle","dots",2,"medium"
"86",95,6,"combine","triangle_dots_2","diamond_stripes_0","triangle_stripes_3",3,0,0,0,"triangle","dots",2,"diamond","stripes",0,"triangle","stripes",3,"medium"
"87",95,7,"combine","triangle_stripes_3","square_dots_0","",3,0,0,0,"triangle","stripes",3,"square","dots",0,"","",0,"medium"
"88",95,8,"combine","triangle_stripes_3","square_dots_0","",3,0,0,0,"triangle","stripes",3,"square","dots",0,"","",0,"medium"
"89",95,9,"combine","triangle_stripes_3","circle_stripes_0","",3,0,0,0,"triangle","stripes",3,"circle","stripes",0,"","",0,"medium"
"90",95,10,"combine","triangle_stripes_3","square_dots_0","",3,0,0,0,"triangle","stripes",3,"square","dots",0,"","",0,"medium"
"91",95,11,"combine","triangle_stripes_3","square_dots_0","",3,0,0,0,"triangle","stripes",3,"square","dots",0,"","",0,"medium"
"92",95,12,"combine","triangle_stripes_3","triangle_dots_0","",3,0,0,0,"triangle","stripes",3,"triangle","dots",0,"","",0,"medium"
"93",95,13,"combine","triangle_stripes_3","diamond_checkered_0","triangle_checkered_4",4,0,0,0,"triangle","stripes",3,"diamond","checkered",0,"triangle","checkered",4,"medium"
"94",95,14,"consume","triangle_checkered_4","","",4,10000,10000,9.21034037197618,"triangle","checkered",4,"","",0,"","",0,"medium"
"95",95,15,"combine","triangle_dots_0","diamond_stripes_0","triangle_stripes_1",4,0,10000,9.21034037197618,"triangle","dots",0,"diamond","stripes",0,"triangle","stripes",1,"medium"
"96",95,16,"consume","triangle_stripes_1","","",4,10,10010,9.21133987230927,"triangle","stripes",1,"","",0,"","",0,"medium"
"97",95,17,"combine","circle_checkered_0","square_dots_0","circle_dots_1",4,0,10010,9.21133987230927,"circle","checkered",0,"square","dots",0,"circle","dots",1,"medium"
"98",95,18,"consume","circle_dots_1","","",4,10,10020,9.21233837463886,"circle","dots",1,"","",0,"","",0,"medium"
"99",95,19,"combine","circle_stripes_0","square_checkered_0","circle_checkered_1",4,0,10020,9.21233837463886,"circle","stripes",0,"square","checkered",0,"circle","checkered",1,"medium"
"100",95,20,"consume","circle_checkered_1","","",4,10,10030,9.21333588095598,"circle","checkered",1,"","",0,"","",0,"medium"
"101",95,21,"combine","circle_checkered_0","square_stripes_0","circle_stripes_1",4,0,10030,9.21333588095598,"circle","checkered",0,"square","stripes",0,"circle","stripes",1,"medium"
"102",95,22,"consume","circle_stripes_1","","",4,10,10040,9.21433239324572,"circle","stripes",1,"","",0,"","",0,"medium"
"103",95,23,"combine","circle_plain_0","square_plain_0","",4,0,10040,9.21433239324572,"circle","plain",0,"square","plain",0,"","",0,"medium"
"104",95,24,"combine","circle_plain_0","square_plain_0","",4,0,10040,9.21433239324572,"circle","plain",0,"square","plain",0,"","",0,"medium"
"105",95,25,"combine","circle_plain_0","diamond_dots_0","",4,0,10040,9.21433239324572,"circle","plain",0,"diamond","dots",0,"","",0,"medium"
"106",95,26,"combine","circle_plain_0","triangle_checkered_0","",4,0,10040,9.21433239324572,"circle","plain",0,"triangle","checkered",0,"","",0,"medium"
"107",95,27,"combine","circle_plain_0","triangle_checkered_0","",4,0,10040,9.21433239324572,"circle","plain",0,"triangle","checkered",0,"","",0,"medium"
"108",95,28,"combine","circle_plain_0","circle_stripes_0","",4,0,10040,9.21433239324572,"circle","plain",0,"circle","stripes",0,"","",0,"medium"
"109",95,29,"combine","circle_plain_0","square_stripes_0","circle_stripes_1",4,0,10040,9.21433239324572,"circle","plain",0,"square","stripes",0,"circle","stripes",1,"medium"
"110",95,30,"consume","circle_stripes_1","","",4,10,10050,9.21532791348722,"circle","stripes",1,"","",0,"","",0,"medium"
"111",95,31,"combine","triangle_checkered_0","diamond_dots_0","triangle_dots_1",4,0,10050,9.21532791348722,"triangle","checkered",0,"diamond","dots",0,"triangle","dots",1,"medium"
"112",95,32,"consume","triangle_dots_1","","",4,10,10060,9.21632244365373,"triangle","dots",1,"","",0,"","",0,"medium"
"113",95,33,"combine","circle_stripes_0","square_checkered_0","circle_checkered_1",4,0,10060,9.21632244365373,"circle","stripes",0,"square","checkered",0,"circle","checkered",1,"medium"
"114",95,34,"consume","circle_checkered_1","","",4,10,10070,9.21731598571261,"circle","checkered",1,"","",0,"","",0,"medium"
"115",95,35,"combine","circle_dots_0","square_dots_0","",4,0,10070,9.21731598571261,"circle","dots",0,"square","dots",0,"","",0,"medium"
"116",95,36,"combine","circle_dots_0","square_dots_0","",4,0,10070,9.21731598571261,"circle","dots",0,"square","dots",0,"","",0,"medium"
"117",95,37,"combine","circle_dots_0","circle_plain_0","",4,0,10070,9.21731598571261,"circle","dots",0,"circle","plain",0,"","",0,"medium"
"118",95,38,"combine","circle_dots_0","square_dots_0","",4,0,10070,9.21731598571261,"circle","dots",0,"square","dots",0,"","",0,"medium"
"119",95,39,"combine","circle_dots_0","square_dots_0","",4,0,10070,9.21731598571261,"circle","dots",0,"square","dots",0,"","",0,"medium"
"120",95,40,"combine","circle_dots_0","triangle_checkered_0","",4,0,10070,9.21731598571261,"circle","dots",0,"triangle","checkered",0,"","",0,"medium"
"121",96,1,"combine","square_checkered_0","square_plain_0","square_plain_1",1,0,0,0,"square","checkered",0,"square","plain",0,"square","plain",1,"easy"
"122",96,2,"combine","square_plain_1","square_plain_0","square_plain_2",2,0,0,0,"square","plain",1,"square","plain",0,"square","plain",2,"easy"
"123",96,3,"combine","square_plain_2","square_checkered_0","square_checkered_3",3,0,0,0,"square","plain",2,"square","checkered",0,"square","checkered",3,"easy"
"124",96,4,"combine","square_checkered_3","square_stripes_0","square_stripes_4",4,0,0,0,"square","checkered",3,"square","stripes",0,"square","stripes",4,"easy"
"125",96,5,"combine","square_stripes_4","square_dots_0","square_dots_5",5,0,0,0,"square","stripes",4,"square","dots",0,"square","dots",5,"easy"
"126",96,6,"consume","square_dots_5","","",5,100000,100000,11.5129254649702,"square","dots",5,"","",0,"","",0,"easy"
"127",96,7,"combine","diamond_plain_0","diamond_dots_0","diamond_dots_1",5,0,100000,11.5129254649702,"diamond","plain",0,"diamond","dots",0,"diamond","dots",1,"easy"
"128",96,8,"combine","diamond_dots_1","diamond_stripes_0","diamond_stripes_2",5,0,100000,11.5129254649702,"diamond","dots",1,"diamond","stripes",0,"diamond","stripes",2,"easy"
"129",96,9,"combine","diamond_stripes_2","diamond_checkered_0","diamond_checkered_3",5,0,100000,11.5129254649702,"diamond","stripes",2,"diamond","checkered",0,"diamond","checkered",3,"easy"
"130",96,10,"combine","diamond_checkered_3","diamond_dots_0","diamond_dots_4",5,0,100000,11.5129254649702,"diamond","checkered",3,"diamond","dots",0,"diamond","dots",4,"easy"
"131",96,11,"combine","diamond_dots_4","diamond_stripes_0","diamond_stripes_5",5,0,100000,11.5129254649702,"diamond","dots",4,"diamond","stripes",0,"diamond","stripes",5,"easy"
"132",96,12,"consume","diamond_stripes_5","","",5,100000,200000,12.2060726455302,"diamond","stripes",5,"","",0,"","",0,"easy"
"133",96,13,"combine","triangle_checkered_0","triangle_stripes_0","triangle_stripes_1",5,0,200000,12.2060726455302,"triangle","checkered",0,"triangle","stripes",0,"triangle","stripes",1,"easy"
"134",96,14,"combine","triangle_stripes_1","triangle_dots_0","triangle_dots_2",5,0,200000,12.2060726455302,"triangle","stripes",1,"triangle","dots",0,"triangle","dots",2,"easy"
"135",96,15,"combine","triangle_dots_2","triangle_plain_0","triangle_plain_3",5,0,200000,12.2060726455302,"triangle","dots",2,"triangle","plain",0,"triangle","plain",3,"easy"
"136",96,16,"combine","triangle_plain_3","triangle_checkered_0","triangle_checkered_4",5,0,200000,12.2060726455302,"triangle","plain",3,"triangle","checkered",0,"triangle","checkered",4,"easy"
"137",96,17,"combine","triangle_checkered_4","triangle_stripes_0","triangle_stripes_5",5,0,200000,12.2060726455302,"triangle","checkered",4,"triangle","stripes",0,"triangle","stripes",5,"easy"
"138",96,18,"consume","triangle_stripes_5","","",5,100000,300000,12.6115377536383,"triangle","stripes",5,"","",0,"","",0,"easy"
"139",96,19,"combine","circle_plain_0","circle_dots_0","circle_dots_1",5,0,300000,12.6115377536383,"circle","plain",0,"circle","dots",0,"circle","dots",1,"easy"
"140",96,20,"combine","circle_dots_1","circle_checkered_0","circle_checkered_2",5,0,300000,12.6115377536383,"circle","dots",1,"circle","checkered",0,"circle","checkered",2,"easy"
"141",96,21,"combine","circle_checkered_2","circle_stripes_0","circle_stripes_3",5,0,300000,12.6115377536383,"circle","checkered",2,"circle","stripes",0,"circle","stripes",3,"easy"
"142",96,22,"combine","circle_stripes_3","circle_stripes_0","circle_stripes_4",5,0,300000,12.6115377536383,"circle","stripes",3,"circle","stripes",0,"circle","stripes",4,"easy"
"143",96,23,"combine","circle_stripes_4","circle_plain_0","circle_plain_5",5,0,300000,12.6115377536383,"circle","stripes",4,"circle","plain",0,"circle","plain",5,"easy"
"144",96,24,"consume","circle_plain_5","","",5,100000,400000,12.8992198260901,"circle","plain",5,"","",0,"","",0,"easy"
"145",96,25,"combine","square_stripes_0","square_dots_0","square_dots_1",5,0,400000,12.8992198260901,"square","stripes",0,"square","dots",0,"square","dots",1,"easy"
"146",96,26,"consume","square_dots_1","","",5,10,400010,12.8992448257776,"square","dots",1,"","",0,"","",0,"easy"
"147",96,27,"combine","diamond_plain_0","diamond_checkered_0","diamond_checkered_1",5,0,400010,12.8992448257776,"diamond","plain",0,"diamond","checkered",0,"diamond","checkered",1,"easy"
"148",96,28,"consume","diamond_checkered_1","","",5,10,400020,12.8992698248402,"diamond","checkered",1,"","",0,"","",0,"easy"
"149",96,29,"combine","triangle_dots_0","triangle_plain_0","triangle_plain_1",5,0,400020,12.8992698248402,"triangle","dots",0,"triangle","plain",0,"triangle","plain",1,"easy"
"150",96,30,"consume","triangle_plain_1","","",5,10,400030,12.8992948232778,"triangle","plain",1,"","",0,"","",0,"easy"
"151",96,31,"combine","circle_checkered_0","circle_dots_0","circle_dots_1",5,0,400030,12.8992948232778,"circle","checkered",0,"circle","dots",0,"circle","dots",1,"easy"
"152",96,32,"consume","circle_dots_1","","",5,10,400040,12.8993198210905,"circle","dots",1,"","",0,"","",0,"easy"
"153",97,1,"combine","square_plain_0","diamond_plain_0","",0,0,0,0,"square","plain",0,"diamond","plain",0,"","",0,"medium"
"154",97,2,"combine","square_plain_0","square_dots_0","",0,0,0,0,"square","plain",0,"square","dots",0,"","",0,"medium"
"155",97,3,"combine","square_plain_0","square_stripes_0","",0,0,0,0,"square","plain",0,"square","stripes",0,"","",0,"medium"
"156",97,4,"combine","square_plain_0","square_checkered_0","",0,0,0,0,"square","plain",0,"square","checkered",0,"","",0,"medium"
"157",97,5,"combine","square_plain_0","triangle_stripes_0","",0,0,0,0,"square","plain",0,"triangle","stripes",0,"","",0,"medium"
"158",97,6,"combine","square_plain_0","triangle_checkered_0","",0,0,0,0,"square","plain",0,"triangle","checkered",0,"","",0,"medium"
"159",97,7,"combine","square_plain_0","diamond_stripes_0","",0,0,0,0,"square","plain",0,"diamond","stripes",0,"","",0,"medium"
"160",97,8,"combine","square_plain_0","triangle_dots_0","",0,0,0,0,"square","plain",0,"triangle","dots",0,"","",0,"medium"
"161",97,9,"combine","square_checkered_0","circle_stripes_0","square_stripes_1",1,0,0,0,"square","checkered",0,"circle","stripes",0,"square","stripes",1,"medium"
"162",97,10,"combine","square_stripes_1","square_stripes_0","",1,0,0,0,"square","stripes",1,"square","stripes",0,"","",0,"medium"
"163",97,11,"combine","square_stripes_1","circle_dots_0","square_dots_2",2,0,0,0,"square","stripes",1,"circle","dots",0,"square","dots",2,"medium"
"164",97,12,"consume","square_dots_2","","",2,100,100,4.60517018598809,"square","dots",2,"","",0,"","",0,"medium"
"165",97,13,"combine","square_dots_0","diamond_plain_0","",2,0,100,4.60517018598809,"square","dots",0,"diamond","plain",0,"","",0,"medium"
"166",97,14,"combine","square_dots_0","circle_plain_0","square_plain_1",2,0,100,4.60517018598809,"square","dots",0,"circle","plain",0,"square","plain",1,"medium"
"167",97,15,"combine","square_plain_1","square_stripes_0","",2,0,100,4.60517018598809,"square","plain",1,"square","stripes",0,"","",0,"medium"
"168",97,16,"combine","square_plain_1","triangle_plain_0","",2,0,100,4.60517018598809,"square","plain",1,"triangle","plain",0,"","",0,"medium"
"169",97,17,"combine","square_plain_1","circle_checkered_0","square_checkered_2",2,0,100,4.60517018598809,"square","plain",1,"circle","checkered",0,"square","checkered",2,"medium"
"170",97,18,"combine","square_checkered_2","square_checkered_0","",2,0,100,4.60517018598809,"square","checkered",2,"square","checkered",0,"","",0,"medium"
"171",97,19,"combine","square_checkered_2","diamond_dots_0","",2,0,100,4.60517018598809,"square","checkered",2,"diamond","dots",0,"","",0,"medium"
"172",97,20,"combine","square_checkered_2","square_dots_0","",2,0,100,4.60517018598809,"square","checkered",2,"square","dots",0,"","",0,"medium"
"173",97,21,"combine","square_checkered_2","triangle_checkered_0","",2,0,100,4.60517018598809,"square","checkered",2,"triangle","checkered",0,"","",0,"medium"
"174",97,22,"combine","square_checkered_2","triangle_stripes_0","",2,0,100,4.60517018598809,"square","checkered",2,"triangle","stripes",0,"","",0,"medium"
"175",97,23,"combine","square_checkered_2","square_plain_0","",2,0,100,4.60517018598809,"square","checkered",2,"square","plain",0,"","",0,"medium"
"176",97,24,"combine","square_checkered_2","circle_plain_0","square_plain_3",3,0,100,4.60517018598809,"square","checkered",2,"circle","plain",0,"square","plain",3,"medium"
"177",97,25,"consume","square_plain_3","","",3,1000,1100,7.00306545878646,"square","plain",3,"","",0,"","",0,"medium"
"178",97,26,"combine","square_dots_0","triangle_stripes_0","",3,0,1100,7.00306545878646,"square","dots",0,"triangle","stripes",0,"","",0,"medium"
"179",97,27,"combine","square_dots_0","triangle_checkered_0","",3,0,1100,7.00306545878646,"square","dots",0,"triangle","checkered",0,"","",0,"medium"
"180",97,28,"combine","square_dots_0","diamond_dots_0","",3,0,1100,7.00306545878646,"square","dots",0,"diamond","dots",0,"","",0,"medium"
"181",97,29,"combine","square_dots_0","square_checkered_0","",3,0,1100,7.00306545878646,"square","dots",0,"square","checkered",0,"","",0,"medium"
"182",97,30,"combine","square_dots_0","triangle_plain_0","",3,0,1100,7.00306545878646,"square","dots",0,"triangle","plain",0,"","",0,"medium"
"183",97,31,"combine","square_dots_0","square_checkered_0","",3,0,1100,7.00306545878646,"square","dots",0,"square","checkered",0,"","",0,"medium"
"184",97,32,"combine","square_dots_0","diamond_dots_0","",3,0,1100,7.00306545878646,"square","dots",0,"diamond","dots",0,"","",0,"medium"
"185",97,33,"combine","square_dots_0","diamond_stripes_0","",3,0,1100,7.00306545878646,"square","dots",0,"diamond","stripes",0,"","",0,"medium"
"186",97,34,"combine","square_dots_0","circle_dots_0","",3,0,1100,7.00306545878646,"square","dots",0,"circle","dots",0,"","",0,"medium"
"187",97,35,"consume","square_dots_0","","",3,1,1101,7.00397413672268,"square","dots",0,"","",0,"","",0,"medium"
"188",97,36,"combine","triangle_dots_0","square_plain_0","",3,0,1101,7.00397413672268,"triangle","dots",0,"square","plain",0,"","",0,"medium"
"189",97,37,"combine","triangle_dots_0","triangle_stripes_0","",3,0,1101,7.00397413672268,"triangle","dots",0,"triangle","stripes",0,"","",0,"medium"
"190",97,38,"combine","triangle_dots_0","triangle_checkered_0","",3,0,1101,7.00397413672268,"triangle","dots",0,"triangle","checkered",0,"","",0,"medium"
"191",97,39,"combine","triangle_dots_0","square_checkered_0","",3,0,1101,7.00397413672268,"triangle","dots",0,"square","checkered",0,"","",0,"medium"
"192",97,40,"consume","triangle_dots_0","","",3,1,1102,7.00488198971286,"triangle","dots",0,"","",0,"","",0,"medium"
"193",98,1,"combine","triangle_dots_0","diamond_plain_0","triangle_plain_1",1,0,0,0,"triangle","dots",0,"diamond","plain",0,"triangle","plain",1,"medium"
"194",98,2,"combine","triangle_plain_1","square_checkered_0","",1,0,0,0,"triangle","plain",1,"square","checkered",0,"","",0,"medium"
"195",98,3,"combine","triangle_plain_1","circle_plain_0","",1,0,0,0,"triangle","plain",1,"circle","plain",0,"","",0,"medium"
"196",98,4,"combine","triangle_plain_1","circle_checkered_0","",1,0,0,0,"triangle","plain",1,"circle","checkered",0,"","",0,"medium"
"197",98,5,"combine","triangle_plain_1","diamond_dots_0","triangle_dots_2",2,0,0,0,"triangle","plain",1,"diamond","dots",0,"triangle","dots",2,"medium"
"198",98,6,"combine","triangle_dots_2","diamond_stripes_0","triangle_stripes_3",3,0,0,0,"triangle","dots",2,"diamond","stripes",0,"triangle","stripes",3,"medium"
"199",98,7,"combine","triangle_stripes_3","square_plain_0","",3,0,0,0,"triangle","stripes",3,"square","plain",0,"","",0,"medium"
"200",98,8,"combine","triangle_stripes_3","diamond_dots_0","triangle_dots_4",4,0,0,0,"triangle","stripes",3,"diamond","dots",0,"triangle","dots",4,"medium"
"201",98,9,"combine","triangle_dots_4","circle_dots_0","",4,0,0,0,"triangle","dots",4,"circle","dots",0,"","",0,"medium"
"202",98,10,"combine","triangle_dots_4","square_stripes_0","",4,0,0,0,"triangle","dots",4,"square","stripes",0,"","",0,"medium"
"203",98,11,"consume","triangle_dots_4","","",4,10000,10000,9.21034037197618,"triangle","dots",4,"","",0,"","",0,"medium"
"204",98,12,"combine","triangle_dots_0","diamond_checkered_0","triangle_checkered_1",4,0,10000,9.21034037197618,"triangle","dots",0,"diamond","checkered",0,"triangle","checkered",1,"medium"
"205",98,13,"combine","triangle_checkered_1","square_checkered_0","",4,0,10000,9.21034037197618,"triangle","checkered",1,"square","checkered",0,"","",0,"medium"
"206",98,14,"combine","triangle_checkered_1","circle_plain_0","",4,0,10000,9.21034037197618,"triangle","checkered",1,"circle","plain",0,"","",0,"medium"
"207",98,15,"combine","triangle_checkered_1","triangle_stripes_0","",4,0,10000,9.21034037197618,"triangle","checkered",1,"triangle","stripes",0,"","",0,"medium"
"208",98,16,"combine","triangle_checkered_1","square_dots_0","",4,0,10000,9.21034037197618,"triangle","checkered",1,"square","dots",0,"","",0,"medium"
"209",98,17,"combine","triangle_checkered_1","diamond_stripes_0","triangle_stripes_2",4,0,10000,9.21034037197618,"triangle","checkered",1,"diamond","stripes",0,"triangle","stripes",2,"medium"
"210",98,18,"combine","triangle_stripes_2","square_checkered_0","",4,0,10000,9.21034037197618,"triangle","stripes",2,"square","checkered",0,"","",0,"medium"
"211",98,19,"combine","triangle_stripes_2","circle_plain_0","",4,0,10000,9.21034037197618,"triangle","stripes",2,"circle","plain",0,"","",0,"medium"
"212",98,20,"combine","triangle_stripes_2","triangle_stripes_0","",4,0,10000,9.21034037197618,"triangle","stripes",2,"triangle","stripes",0,"","",0,"medium"
"213",98,21,"combine","triangle_stripes_2","square_dots_0","",4,0,10000,9.21034037197618,"triangle","stripes",2,"square","dots",0,"","",0,"medium"
"214",98,22,"combine","triangle_stripes_2","triangle_checkered_0","",4,0,10000,9.21034037197618,"triangle","stripes",2,"triangle","checkered",0,"","",0,"medium"
"215",98,23,"combine","triangle_stripes_2","triangle_plain_0","",4,0,10000,9.21034037197618,"triangle","stripes",2,"triangle","plain",0,"","",0,"medium"
"216",98,24,"combine","triangle_stripes_2","diamond_plain_0","triangle_plain_3",4,0,10000,9.21034037197618,"triangle","stripes",2,"diamond","plain",0,"triangle","plain",3,"medium"
"217",98,25,"combine","triangle_plain_3","circle_dots_0","",4,0,10000,9.21034037197618,"triangle","plain",3,"circle","dots",0,"","",0,"medium"
"218",98,26,"combine","triangle_plain_3","square_stripes_0","",4,0,10000,9.21034037197618,"triangle","plain",3,"square","stripes",0,"","",0,"medium"
"219",98,27,"combine","triangle_plain_3","circle_stripes_0","",4,0,10000,9.21034037197618,"triangle","plain",3,"circle","stripes",0,"","",0,"medium"
"220",98,28,"combine","triangle_plain_3","square_checkered_0","",4,0,10000,9.21034037197618,"triangle","plain",3,"square","checkered",0,"","",0,"medium"
"221",98,29,"combine","triangle_plain_3","circle_plain_0","",4,0,10000,9.21034037197618,"triangle","plain",3,"circle","plain",0,"","",0,"medium"
"222",98,30,"combine","triangle_plain_3","triangle_stripes_0","",4,0,10000,9.21034037197618,"triangle","plain",3,"triangle","stripes",0,"","",0,"medium"
"223",98,31,"combine","triangle_plain_3","square_dots_0","",4,0,10000,9.21034037197618,"triangle","plain",3,"square","dots",0,"","",0,"medium"
"224",98,32,"combine","triangle_plain_3","triangle_checkered_0","",4,0,10000,9.21034037197618,"triangle","plain",3,"triangle","checkered",0,"","",0,"medium"
"225",98,33,"combine","triangle_plain_3","circle_checkered_0","",4,0,10000,9.21034037197618,"triangle","plain",3,"circle","checkered",0,"","",0,"medium"
"226",98,34,"combine","triangle_plain_3","diamond_checkered_0","triangle_checkered_4",4,0,10000,9.21034037197618,"triangle","plain",3,"diamond","checkered",0,"triangle","checkered",4,"medium"
"227",98,35,"combine","triangle_checkered_4","triangle_stripes_0","",4,0,10000,9.21034037197618,"triangle","checkered",4,"triangle","stripes",0,"","",0,"medium"
"228",98,36,"combine","triangle_checkered_4","circle_plain_0","",4,0,10000,9.21034037197618,"triangle","checkered",4,"circle","plain",0,"","",0,"medium"
"229",98,37,"combine","triangle_checkered_4","square_checkered_0","",4,0,10000,9.21034037197618,"triangle","checkered",4,"square","checkered",0,"","",0,"medium"
"230",98,38,"combine","triangle_checkered_4","circle_stripes_0","",4,0,10000,9.21034037197618,"triangle","checkered",4,"circle","stripes",0,"","",0,"medium"
"231",98,39,"combine","triangle_checkered_4","square_plain_0","",4,0,10000,9.21034037197618,"triangle","checkered",4,"square","plain",0,"","",0,"medium"
"232",98,40,"consume","triangle_checkered_4","","",4,10000,20000,9.90348755253613,"triangle","checkered",4,"","",0,"","",0,"medium"
"233",99,1,"combine","square_plain_0","square_dots_0","square_dots_1",1,0,0,0,"square","plain",0,"square","dots",0,"square","dots",1,"easy"
"234",99,2,"consume","square_dots_1","","",1,10,10,2.30258509299405,"square","dots",1,"","",0,"","",0,"easy"
"235",99,3,"combine","circle_stripes_0","circle_dots_0","circle_dots_1",1,0,10,2.30258509299405,"circle","stripes",0,"circle","dots",0,"circle","dots",1,"easy"
"236",99,4,"consume","circle_dots_1","","",1,10,20,2.99573227355399,"circle","dots",1,"","",0,"","",0,"easy"
"237",99,5,"combine","circle_stripes_0","circle_dots_0","circle_dots_1",1,0,20,2.99573227355399,"circle","stripes",0,"circle","dots",0,"circle","dots",1,"easy"
"238",99,6,"combine","circle_dots_1","circle_checkered_0","circle_checkered_2",2,0,20,2.99573227355399,"circle","dots",1,"circle","checkered",0,"circle","checkered",2,"easy"
"239",99,7,"combine","circle_checkered_2","circle_checkered_0","circle_checkered_3",3,0,20,2.99573227355399,"circle","checkered",2,"circle","checkered",0,"circle","checkered",3,"easy"
"240",99,8,"combine","circle_checkered_3","circle_plain_0","circle_plain_4",4,0,20,2.99573227355399,"circle","checkered",3,"circle","plain",0,"circle","plain",4,"easy"
"241",99,9,"consume","circle_plain_4","","",4,10000,10020,9.21233837463886,"circle","plain",4,"","",0,"","",0,"easy"
"242",99,10,"combine","triangle_stripes_0","triangle_plain_0","triangle_plain_1",4,0,10020,9.21233837463886,"triangle","stripes",0,"triangle","plain",0,"triangle","plain",1,"easy"
"243",99,11,"combine","triangle_plain_1","triangle_checkered_0","triangle_checkered_2",4,0,10020,9.21233837463886,"triangle","plain",1,"triangle","checkered",0,"triangle","checkered",2,"easy"
"244",99,12,"combine","triangle_checkered_2","triangle_dots_0","triangle_dots_3",4,0,10020,9.21233837463886,"triangle","checkered",2,"triangle","dots",0,"triangle","dots",3,"easy"
"245",99,13,"combine","triangle_dots_3","triangle_plain_0","triangle_plain_4",4,0,10020,9.21233837463886,"triangle","dots",3,"triangle","plain",0,"triangle","plain",4,"easy"
"246",99,14,"combine","triangle_plain_4","triangle_dots_0","triangle_dots_5",5,0,10020,9.21233837463886,"triangle","plain",4,"triangle","dots",0,"triangle","dots",5,"easy"
"247",99,15,"combine","triangle_dots_5","triangle_checkered_0","",5,0,10020,9.21233837463886,"triangle","dots",5,"triangle","checkered",0,"","",0,"easy"
"248",99,16,"consume","triangle_dots_5","","",5,100000,110020,11.6084174464294,"triangle","dots",5,"","",0,"","",0,"easy"
"249",99,17,"combine","triangle_checkered_0","triangle_stripes_0","triangle_stripes_1",5,0,110020,11.6084174464294,"triangle","checkered",0,"triangle","stripes",0,"triangle","stripes",1,"easy"
"250",99,18,"consume","triangle_stripes_1","","",5,10,110030,11.608508334864,"triangle","stripes",1,"","",0,"","",0,"easy"
"251",99,19,"combine","square_stripes_0","square_plain_0","square_plain_1",5,0,110030,11.608508334864,"square","stripes",0,"square","plain",0,"square","plain",1,"easy"
"252",99,20,"combine","square_plain_1","square_checkered_0","square_checkered_2",5,0,110030,11.608508334864,"square","plain",1,"square","checkered",0,"square","checkered",2,"easy"
"253",99,21,"combine","square_checkered_2","square_dots_0","square_dots_3",5,0,110030,11.608508334864,"square","checkered",2,"square","dots",0,"square","dots",3,"easy"
"254",99,22,"combine","square_dots_3","square_stripes_0","square_stripes_4",5,0,110030,11.608508334864,"square","dots",3,"square","stripes",0,"square","stripes",4,"easy"
"255",99,23,"combine","square_stripes_4","square_checkered_0","square_checkered_5",5,0,110030,11.608508334864,"square","stripes",4,"square","checkered",0,"square","checkered",5,"easy"
"256",99,24,"consume","square_checkered_5","","",5,100000,210030,12.2550056566394,"square","checkered",5,"","",0,"","",0,"easy"
"257",99,25,"combine","diamond_dots_0","diamond_checkered_0","diamond_checkered_1",5,0,210030,12.2550056566394,"diamond","dots",0,"diamond","checkered",0,"diamond","checkered",1,"easy"
"258",99,26,"combine","diamond_checkered_1","diamond_stripes_0","diamond_stripes_2",5,0,210030,12.2550056566394,"diamond","checkered",1,"diamond","stripes",0,"diamond","stripes",2,"easy"
"259",99,27,"combine","diamond_stripes_2","diamond_plain_0","diamond_plain_3",5,0,210030,12.2550056566394,"diamond","stripes",2,"diamond","plain",0,"diamond","plain",3,"easy"
"260",99,28,"combine","diamond_plain_3","diamond_dots_0","diamond_dots_4",5,0,210030,12.2550056566394,"diamond","plain",3,"diamond","dots",0,"diamond","dots",4,"easy"
"261",99,29,"combine","diamond_dots_4","diamond_checkered_0","diamond_checkered_5",5,0,210030,12.2550056566394,"diamond","dots",4,"diamond","checkered",0,"diamond","checkered",5,"easy"
"262",99,30,"combine","diamond_checkered_5","diamond_stripes_0","",5,0,210030,12.2550056566394,"diamond","checkered",5,"diamond","stripes",0,"","",0,"easy"
"263",99,31,"consume","diamond_checkered_5","","",5,100000,310030,12.6444243459726,"diamond","checkered",5,"","",0,"","",0,"easy"
"264",99,32,"combine","diamond_stripes_0","diamond_plain_0","diamond_plain_1",5,0,310030,12.6444243459726,"diamond","stripes",0,"diamond","plain",0,"diamond","plain",1,"easy"
"265",99,33,"consume","diamond_plain_1","","",5,10,310040,12.6444566003954,"diamond","plain",1,"","",0,"","",0,"easy"
"266",99,34,"consume","circle_plain_0","","",5,1,310041,12.6444598257805,"circle","plain",0,"","",0,"","",0,"easy"
"267",100,1,"combine","square_stripes_0","circle_plain_0","square_plain_1",1,0,0,0,"square","stripes",0,"circle","plain",0,"square","plain",1,"medium"
"268",100,2,"combine","square_plain_1","square_checkered_0","",1,0,0,0,"square","plain",1,"square","checkered",0,"","",0,"medium"
"269",100,3,"combine","square_plain_1","circle_checkered_0","square_checkered_2",2,0,0,0,"square","plain",1,"circle","checkered",0,"square","checkered",2,"medium"
"270",100,4,"combine","square_checkered_2","triangle_plain_0","",2,0,0,0,"square","checkered",2,"triangle","plain",0,"","",0,"medium"
"271",100,5,"combine","square_checkered_2","diamond_stripes_0","",2,0,0,0,"square","checkered",2,"diamond","stripes",0,"","",0,"medium"
"272",100,6,"combine","square_checkered_2","square_dots_0","",2,0,0,0,"square","checkered",2,"square","dots",0,"","",0,"medium"
"273",100,7,"combine","square_checkered_2","circle_dots_0","square_dots_3",3,0,0,0,"square","checkered",2,"circle","dots",0,"square","dots",3,"medium"
"274",100,8,"combine","square_dots_3","triangle_plain_0","",3,0,0,0,"square","dots",3,"triangle","plain",0,"","",0,"medium"
"275",100,9,"combine","square_dots_3","diamond_stripes_0","",3,0,0,0,"square","dots",3,"diamond","stripes",0,"","",0,"medium"
"276",100,10,"combine","square_dots_3","square_checkered_0","",3,0,0,0,"square","dots",3,"square","checkered",0,"","",0,"medium"
"277",100,11,"combine","square_dots_3","square_checkered_0","",3,0,0,0,"square","dots",3,"square","checkered",0,"","",0,"medium"
"278",100,12,"combine","square_dots_3","circle_checkered_0","square_checkered_4",4,0,0,0,"square","dots",3,"circle","checkered",0,"square","checkered",4,"medium"
"279",100,13,"combine","square_checkered_4","triangle_checkered_0","",4,0,0,0,"square","checkered",4,"triangle","checkered",0,"","",0,"medium"
"280",100,14,"combine","square_checkered_4","triangle_checkered_0","",4,0,0,0,"square","checkered",4,"triangle","checkered",0,"","",0,"medium"
"281",100,15,"combine","square_checkered_4","diamond_stripes_0","",4,0,0,0,"square","checkered",4,"diamond","stripes",0,"","",0,"medium"
"282",100,16,"combine","square_checkered_4","triangle_plain_0","",4,0,0,0,"square","checkered",4,"triangle","plain",0,"","",0,"medium"
"283",100,17,"combine","square_checkered_4","triangle_plain_0","",4,0,0,0,"square","checkered",4,"triangle","plain",0,"","",0,"medium"
"284",100,18,"combine","square_checkered_4","triangle_plain_0","",4,0,0,0,"square","checkered",4,"triangle","plain",0,"","",0,"medium"
"285",100,19,"combine","square_checkered_4","square_stripes_0","",4,0,0,0,"square","checkered",4,"square","stripes",0,"","",0,"medium"
"286",100,20,"combine","square_checkered_4","square_dots_0","",4,0,0,0,"square","checkered",4,"square","dots",0,"","",0,"medium"
"287",100,21,"combine","square_checkered_4","circle_dots_0","square_dots_5",5,0,0,0,"square","checkered",4,"circle","dots",0,"square","dots",5,"medium"
"288",100,22,"combine","square_dots_5","square_checkered_0","",5,0,0,0,"square","dots",5,"square","checkered",0,"","",0,"medium"
"289",100,23,"combine","square_dots_5","diamond_checkered_0","",5,0,0,0,"square","dots",5,"diamond","checkered",0,"","",0,"medium"
"290",100,24,"combine","square_dots_5","triangle_checkered_0","",5,0,0,0,"square","dots",5,"triangle","checkered",0,"","",0,"medium"
"291",100,25,"combine","square_dots_5","diamond_checkered_0","",5,0,0,0,"square","dots",5,"diamond","checkered",0,"","",0,"medium"
"292",100,26,"combine","square_dots_5","square_checkered_0","",5,0,0,0,"square","dots",5,"square","checkered",0,"","",0,"medium"
"293",100,27,"combine","square_dots_5","circle_stripes_0","",5,0,0,0,"square","dots",5,"circle","stripes",0,"","",0,"medium"
"294",100,28,"combine","square_dots_5","square_stripes_0","",5,0,0,0,"square","dots",5,"square","stripes",0,"","",0,"medium"
"295",100,29,"combine","square_dots_5","square_stripes_0","",5,0,0,0,"square","dots",5,"square","stripes",0,"","",0,"medium"
"296",100,30,"combine","square_dots_5","square_checkered_0","",5,0,0,0,"square","dots",5,"square","checkered",0,"","",0,"medium"
"297",100,31,"combine","square_dots_5","circle_stripes_0","",5,0,0,0,"square","dots",5,"circle","stripes",0,"","",0,"medium"
"298",100,32,"combine","square_dots_5","square_plain_0","",5,0,0,0,"square","dots",5,"square","plain",0,"","",0,"medium"
"299",100,33,"combine","square_dots_5","square_plain_0","",5,0,0,0,"square","dots",5,"square","plain",0,"","",0,"medium"
"300",100,34,"combine","square_dots_5","circle_plain_0","",5,0,0,0,"square","dots",5,"circle","plain",0,"","",0,"medium"
"301",100,35,"combine","square_dots_5","triangle_plain_0","",5,0,0,0,"square","dots",5,"triangle","plain",0,"","",0,"medium"
"302",100,36,"combine","square_dots_5","diamond_plain_0","",5,0,0,0,"square","dots",5,"diamond","plain",0,"","",0,"medium"
"303",100,37,"combine","square_dots_5","diamond_plain_0","",5,0,0,0,"square","dots",5,"diamond","plain",0,"","",0,"medium"
"304",100,38,"combine","square_dots_5","diamond_plain_0","",5,0,0,0,"square","dots",5,"diamond","plain",0,"","",0,"medium"
"305",100,39,"combine","square_dots_5","diamond_plain_0","",5,0,0,0,"square","dots",5,"diamond","plain",0,"","",0,"medium"
"306",100,40,"consume","square_dots_5","","",5,100000,100000,11.5129254649702,"square","dots",5,"","",0,"","",0,"medium"
"307",101,1,"combine","diamond_plain_0","triangle_plain_0","diamond_plain_1",1,0,0,0,"diamond","plain",0,"triangle","plain",0,"diamond","plain",1,"hard"
"308",101,2,"combine","diamond_plain_1","square_plain_0","",1,0,0,0,"diamond","plain",1,"square","plain",0,"","",0,"hard"
"309",101,3,"combine","diamond_plain_1","diamond_stripes_0","",1,0,0,0,"diamond","plain",1,"diamond","stripes",0,"","",0,"hard"
"310",101,4,"combine","circle_plain_0","square_plain_0","circle_plain_1",1,0,0,0,"circle","plain",0,"square","plain",0,"circle","plain",1,"hard"
"311",101,5,"consume","circle_plain_1","","",1,10,10,2.30258509299405,"circle","plain",1,"","",0,"","",0,"hard"
"312",101,6,"consume","diamond_plain_1","","",1,10,20,2.99573227355399,"diamond","plain",1,"","",0,"","",0,"hard"
"313",101,7,"combine","circle_dots_0","square_dots_0","circle_dots_1",1,0,20,2.99573227355399,"circle","dots",0,"square","dots",0,"circle","dots",1,"hard"
"314",101,8,"consume","circle_dots_1","","",1,10,30,3.40119738166216,"circle","dots",1,"","",0,"","",0,"hard"
"315",101,9,"combine","diamond_plain_0","triangle_plain_0","diamond_plain_1",1,0,30,3.40119738166216,"diamond","plain",0,"triangle","plain",0,"diamond","plain",1,"hard"
"316",101,10,"consume","diamond_plain_1","","",1,10,40,3.68887945411394,"diamond","plain",1,"","",0,"","",0,"hard"
"317",101,11,"combine","circle_dots_0","diamond_stripes_0","",1,0,40,3.68887945411394,"circle","dots",0,"diamond","stripes",0,"","",0,"hard"
"318",101,12,"combine","circle_dots_0","diamond_stripes_0","",1,0,40,3.68887945411394,"circle","dots",0,"diamond","stripes",0,"","",0,"hard"
"319",101,13,"combine","circle_dots_0","diamond_stripes_0","",1,0,40,3.68887945411394,"circle","dots",0,"diamond","stripes",0,"","",0,"hard"
"320",101,14,"combine","diamond_checkered_0","triangle_checkered_0","diamond_checkered_1",1,0,40,3.68887945411394,"diamond","checkered",0,"triangle","checkered",0,"diamond","checkered",1,"hard"
"321",101,15,"consume","diamond_checkered_1","","",1,10,50,3.91202300542815,"diamond","checkered",1,"","",0,"","",0,"hard"
"322",101,16,"combine","circle_plain_0","square_plain_0","circle_plain_1",1,0,50,3.91202300542815,"circle","plain",0,"square","plain",0,"circle","plain",1,"hard"
"323",101,17,"consume","circle_plain_1","","",1,10,60,4.0943445622221,"circle","plain",1,"","",0,"","",0,"hard"
"324",101,18,"combine","circle_checkered_0","square_checkered_0","circle_checkered_1",1,0,60,4.0943445622221,"circle","checkered",0,"square","checkered",0,"circle","checkered",1,"hard"
"325",101,19,"consume","circle_checkered_1","","",1,10,70,4.24849524204936,"circle","checkered",1,"","",0,"","",0,"hard"
"326",101,20,"combine","circle_checkered_0","square_checkered_0","circle_checkered_1",1,0,70,4.24849524204936,"circle","checkered",0,"square","checkered",0,"circle","checkered",1,"hard"
"327",101,21,"consume","circle_checkered_1","","",1,10,80,4.38202663467388,"circle","checkered",1,"","",0,"","",0,"hard"
"328",101,22,"combine","diamond_checkered_0","triangle_checkered_0","diamond_checkered_1",1,0,80,4.38202663467388,"diamond","checkered",0,"triangle","checkered",0,"diamond","checkered",1,"hard"
"329",101,23,"consume","diamond_checkered_1","","",1,10,90,4.49980967033027,"diamond","checkered",1,"","",0,"","",0,"hard"
"330",101,24,"combine","square_stripes_0","circle_stripes_0","square_stripes_1",1,0,90,4.49980967033027,"square","stripes",0,"circle","stripes",0,"square","stripes",1,"hard"
"331",101,25,"consume","square_stripes_1","","",1,10,100,4.60517018598809,"square","stripes",1,"","",0,"","",0,"hard"
"332",101,26,"combine","triangle_dots_0","diamond_dots_0","triangle_dots_1",1,0,100,4.60517018598809,"triangle","dots",0,"diamond","dots",0,"triangle","dots",1,"hard"
"333",101,27,"consume","triangle_dots_1","","",1,10,110,4.70048036579242,"triangle","dots",1,"","",0,"","",0,"hard"
"334",101,28,"combine","diamond_stripes_0","triangle_stripes_0","diamond_stripes_1",1,0,110,4.70048036579242,"diamond","stripes",0,"triangle","stripes",0,"diamond","stripes",1,"hard"
"335",101,29,"consume","diamond_stripes_1","","",1,10,120,4.78749174278205,"diamond","stripes",1,"","",0,"","",0,"hard"
"336",101,30,"combine","square_dots_0","circle_dots_0","square_dots_1",1,0,120,4.78749174278205,"square","dots",0,"circle","dots",0,"square","dots",1,"hard"
"337",101,31,"consume","square_dots_1","","",1,10,130,4.86753445045558,"square","dots",1,"","",0,"","",0,"hard"
"338",101,32,"combine","circle_stripes_0","square_stripes_0","circle_stripes_1",1,0,130,4.86753445045558,"circle","stripes",0,"square","stripes",0,"circle","stripes",1,"hard"
"339",101,33,"consume","circle_stripes_1","","",1,10,140,4.9416424226093,"circle","stripes",1,"","",0,"","",0,"hard"
"340",101,34,"combine","triangle_dots_0","diamond_dots_0","triangle_dots_1",1,0,140,4.9416424226093,"triangle","dots",0,"diamond","dots",0,"triangle","dots",1,"hard"
"341",101,35,"combine","triangle_dots_1","triangle_stripes_0","",1,0,140,4.9416424226093,"triangle","dots",1,"triangle","stripes",0,"","",0,"hard"
"342",101,36,"combine","triangle_dots_1","diamond_stripes_0","",1,0,140,4.9416424226093,"triangle","dots",1,"diamond","stripes",0,"","",0,"hard"
"343",101,37,"combine","triangle_dots_1","diamond_stripes_0","",1,0,140,4.9416424226093,"triangle","dots",1,"diamond","stripes",0,"","",0,"hard"
"344",101,38,"combine","triangle_stripes_0","diamond_stripes_0","triangle_stripes_1",1,0,140,4.9416424226093,"triangle","stripes",0,"diamond","stripes",0,"triangle","stripes",1,"hard"
"345",101,39,"consume","triangle_stripes_1","","",1,10,150,5.01063529409626,"triangle","stripes",1,"","",0,"","",0,"hard"
"346",101,40,"consume","triangle_dots_1","","",1,10,160,5.07517381523383,"triangle","dots",1,"","",0,"","",0,"hard"
"347",102,1,"combine","diamond_plain_0","triangle_plain_0","",0,0,0,0,"diamond","plain",0,"triangle","plain",0,"","",0,"medium"
"348",102,2,"combine","triangle_plain_0","diamond_plain_0","",0,0,0,0,"triangle","plain",0,"diamond","plain",0,"","",0,"medium"
"349",102,3,"combine","square_stripes_0","circle_stripes_0","",0,0,0,0,"square","stripes",0,"circle","stripes",0,"","",0,"medium"
"350",102,4,"combine","square_stripes_0","circle_dots_0","square_dots_1",1,0,0,0,"square","stripes",0,"circle","dots",0,"square","dots",1,"medium"
"351",102,5,"combine","square_plain_0","circle_checkered_0","square_checkered_1",1,0,0,0,"square","plain",0,"circle","checkered",0,"square","checkered",1,"medium"
"352",102,6,"combine","square_checkered_1","square_dots_1","",1,0,0,0,"square","checkered",1,"square","dots",1,"","",0,"medium"
"353",102,7,"combine","square_checkered_1","circle_dots_0","square_dots_2",2,0,0,0,"square","checkered",1,"circle","dots",0,"square","dots",2,"medium"
"354",102,8,"combine","square_dots_2","circle_plain_0","square_plain_3",3,0,0,0,"square","dots",2,"circle","plain",0,"square","plain",3,"medium"
"355",102,9,"combine","square_plain_3","circle_stripes_0","square_stripes_4",4,0,0,0,"square","plain",3,"circle","stripes",0,"square","stripes",4,"medium"
"356",102,10,"combine","square_stripes_4","circle_checkered_0","square_checkered_5",5,0,0,0,"square","stripes",4,"circle","checkered",0,"square","checkered",5,"medium"
"357",102,11,"consume","square_checkered_5","","",5,100000,100000,11.5129254649702,"square","checkered",5,"","",0,"","",0,"medium"
"358",102,12,"combine","triangle_stripes_0","diamond_plain_0","triangle_plain_1",5,0,100000,11.5129254649702,"triangle","stripes",0,"diamond","plain",0,"triangle","plain",1,"medium"
"359",102,13,"combine","triangle_plain_1","diamond_stripes_0","triangle_stripes_2",5,0,100000,11.5129254649702,"triangle","plain",1,"diamond","stripes",0,"triangle","stripes",2,"medium"
"360",102,14,"combine","triangle_stripes_2","diamond_dots_0","triangle_dots_3",5,0,100000,11.5129254649702,"triangle","stripes",2,"diamond","dots",0,"triangle","dots",3,"medium"
"361",102,15,"combine","triangle_dots_3","diamond_plain_0","triangle_plain_4",5,0,100000,11.5129254649702,"triangle","dots",3,"diamond","plain",0,"triangle","plain",4,"medium"
"362",102,16,"combine","triangle_plain_4","diamond_checkered_0","triangle_checkered_5",5,0,100000,11.5129254649702,"triangle","plain",4,"diamond","checkered",0,"triangle","checkered",5,"medium"
"363",102,17,"consume","triangle_checkered_5","","",5,100000,200000,12.2060726455302,"triangle","checkered",5,"","",0,"","",0,"medium"
"364",102,18,"combine","triangle_plain_0","diamond_dots_0","triangle_dots_1",5,0,200000,12.2060726455302,"triangle","plain",0,"diamond","dots",0,"triangle","dots",1,"medium"
"365",102,19,"combine","triangle_dots_1","diamond_checkered_0","triangle_checkered_2",5,0,200000,12.2060726455302,"triangle","dots",1,"diamond","checkered",0,"triangle","checkered",2,"medium"
"366",102,20,"combine","triangle_checkered_2","diamond_stripes_0","triangle_stripes_3",5,0,200000,12.2060726455302,"triangle","checkered",2,"diamond","stripes",0,"triangle","stripes",3,"medium"
"367",102,21,"combine","square_dots_1","circle_plain_0","square_plain_2",5,0,200000,12.2060726455302,"square","dots",1,"circle","plain",0,"square","plain",2,"medium"
"368",102,22,"combine","square_plain_2","circle_stripes_0","square_stripes_3",5,0,200000,12.2060726455302,"square","plain",2,"circle","stripes",0,"square","stripes",3,"medium"
"369",102,23,"consume","square_stripes_3","","",5,1000,201000,12.2110601870412,"square","stripes",3,"","",0,"","",0,"medium"
"370",102,24,"consume","triangle_stripes_3","","",5,1000,202000,12.2160229763833,"triangle","stripes",3,"","",0,"","",0,"medium"
"371",102,25,"combine","square_plain_0","triangle_checkered_0","",5,0,202000,12.2160229763833,"square","plain",0,"triangle","checkered",0,"","",0,"medium"
"372",102,26,"combine","square_plain_0","square_checkered_0","",5,0,202000,12.2160229763833,"square","plain",0,"square","checkered",0,"","",0,"medium"
"373",102,27,"combine","square_plain_0","triangle_plain_0","",5,0,202000,12.2160229763833,"square","plain",0,"triangle","plain",0,"","",0,"medium"
"374",102,28,"combine","square_plain_0","triangle_dots_0","",5,0,202000,12.2160229763833,"square","plain",0,"triangle","dots",0,"","",0,"medium"
"375",102,29,"combine","square_plain_0","triangle_stripes_0","",5,0,202000,12.2160229763833,"square","plain",0,"triangle","stripes",0,"","",0,"medium"
"376",102,30,"combine","square_plain_0","square_stripes_0","",5,0,202000,12.2160229763833,"square","plain",0,"square","stripes",0,"","",0,"medium"
"377",102,31,"consume","square_plain_0","","",5,1,202001,12.2160279268661,"square","plain",0,"","",0,"","",0,"medium"
"378",102,32,"consume","square_stripes_0","","",5,1,202002,12.2160328773244,"square","stripes",0,"","",0,"","",0,"medium"
"379",102,33,"consume","square_dots_0","","",5,1,202003,12.2160378277582,"square","dots",0,"","",0,"","",0,"medium"
"380",102,34,"consume","square_checkered_0","","",5,1,202004,12.2160427781675,"square","checkered",0,"","",0,"","",0,"medium"
"381",102,35,"consume","triangle_checkered_0","","",5,1,202005,12.2160477285523,"triangle","checkered",0,"","",0,"","",0,"medium"
"382",102,36,"consume","triangle_stripes_0","","",5,1,202006,12.2160526789125,"triangle","stripes",0,"","",0,"","",0,"medium"
"383",102,37,"consume","triangle_plain_0","","",5,1,202007,12.2160576292483,"triangle","plain",0,"","",0,"","",0,"medium"
"384",102,38,"consume","triangle_dots_0","","",5,1,202008,12.2160625795595,"triangle","dots",0,"","",0,"","",0,"medium"
"385",102,39,"consume","triangle_checkered_0","","",5,1,202009,12.2160675298463,"triangle","checkered",0,"","",0,"","",0,"medium"
"386",102,40,"consume","triangle_dots_0","","",5,1,202010,12.2160724801085,"triangle","dots",0,"","",0,"","",0,"medium"
"387",103,1,"consume","square_checkered_0","","",0,1,1,0,"square","checkered",0,"","",0,"","",0,"hard"
"388",103,2,"combine","diamond_plain_0","triangle_dots_0","diamond_dots_1",1,0,1,0,"diamond","plain",0,"triangle","dots",0,"diamond","dots",1,"hard"
"389",103,3,"combine","diamond_dots_1","triangle_plain_0","",1,0,1,0,"diamond","dots",1,"triangle","plain",0,"","",0,"hard"
"390",103,4,"combine","diamond_dots_1","diamond_checkered_0","",1,0,1,0,"diamond","dots",1,"diamond","checkered",0,"","",0,"hard"
"391",103,5,"combine","diamond_dots_1","triangle_plain_0","",1,0,1,0,"diamond","dots",1,"triangle","plain",0,"","",0,"hard"
"392",103,6,"combine","diamond_dots_1","square_checkered_0","",1,0,1,0,"diamond","dots",1,"square","checkered",0,"","",0,"hard"
"393",103,7,"combine","diamond_dots_1","triangle_plain_0","",1,0,1,0,"diamond","dots",1,"triangle","plain",0,"","",0,"hard"
"394",103,8,"combine","triangle_plain_0","circle_plain_0","",1,0,1,0,"triangle","plain",0,"circle","plain",0,"","",0,"hard"
"395",103,9,"combine","triangle_plain_0","circle_plain_0","",1,0,1,0,"triangle","plain",0,"circle","plain",0,"","",0,"hard"
"396",103,10,"combine","triangle_plain_0","triangle_checkered_0","",1,0,1,0,"triangle","plain",0,"triangle","checkered",0,"","",0,"hard"
"397",103,11,"combine","triangle_checkered_0","diamond_stripes_0","",1,0,1,0,"triangle","checkered",0,"diamond","stripes",0,"","",0,"hard"
"398",103,12,"combine","triangle_checkered_0","diamond_stripes_0","",1,0,1,0,"triangle","checkered",0,"diamond","stripes",0,"","",0,"hard"
"399",103,13,"combine","triangle_checkered_0","triangle_stripes_0","",1,0,1,0,"triangle","checkered",0,"triangle","stripes",0,"","",0,"hard"
"400",103,14,"combine","triangle_stripes_0","diamond_stripes_0","triangle_stripes_1",1,0,1,0,"triangle","stripes",0,"diamond","stripes",0,"triangle","stripes",1,"hard"
"401",103,15,"combine","diamond_checkered_0","triangle_checkered_0","diamond_checkered_1",1,0,1,0,"diamond","checkered",0,"triangle","checkered",0,"diamond","checkered",1,"hard"
"402",103,16,"combine","diamond_checkered_0","triangle_checkered_0","diamond_checkered_1",1,0,1,0,"diamond","checkered",0,"triangle","checkered",0,"diamond","checkered",1,"hard"
"403",103,17,"combine","diamond_checkered_1","triangle_stripes_1","",1,0,1,0,"diamond","checkered",1,"triangle","stripes",1,"","",0,"hard"
"404",103,18,"combine","diamond_dots_0","triangle_stripes_0","",1,0,1,0,"diamond","dots",0,"triangle","stripes",0,"","",0,"hard"
"405",103,19,"combine","triangle_dots_0","diamond_dots_0","triangle_dots_1",1,0,1,0,"triangle","dots",0,"diamond","dots",0,"triangle","dots",1,"hard"
"406",103,20,"combine","diamond_stripes_0","triangle_stripes_0","diamond_stripes_1",1,0,1,0,"diamond","stripes",0,"triangle","stripes",0,"diamond","stripes",1,"hard"
"407",103,21,"combine","diamond_stripes_1","triangle_stripes_1","diamond_stripes_2",2,0,1,0,"diamond","stripes",1,"triangle","stripes",1,"diamond","stripes",2,"hard"
"408",103,22,"combine","diamond_dots_1","triangle_dots_1","diamond_dots_2",2,0,1,0,"diamond","dots",1,"triangle","dots",1,"diamond","dots",2,"hard"
"409",103,23,"combine","diamond_checkered_1","diamond_checkered_1","",2,0,1,0,"diamond","checkered",1,"diamond","checkered",1,"","",0,"hard"
"410",103,24,"combine","square_stripes_0","circle_stripes_0","square_stripes_1",2,0,1,0,"square","stripes",0,"circle","stripes",0,"square","stripes",1,"hard"
"411",103,25,"combine","circle_dots_0","square_checkered_0","circle_checkered_1",2,0,1,0,"circle","dots",0,"square","checkered",0,"circle","checkered",1,"hard"
"412",103,26,"combine","circle_plain_0","square_plain_0","circle_plain_1",2,0,1,0,"circle","plain",0,"square","plain",0,"circle","plain",1,"hard"
"413",103,27,"consume","diamond_dots_2","","",2,100,101,4.61512051684126,"diamond","dots",2,"","",0,"","",0,"hard"
"414",103,28,"consume","diamond_stripes_2","","",2,100,201,5.30330490805908,"diamond","stripes",2,"","",0,"","",0,"hard"
"415",103,29,"combine","diamond_checkered_1","diamond_checkered_1","",2,0,201,5.30330490805908,"diamond","checkered",1,"diamond","checkered",1,"","",0,"hard"
"416",103,30,"combine","diamond_checkered_1","circle_checkered_1","",2,0,201,5.30330490805908,"diamond","checkered",1,"circle","checkered",1,"","",0,"hard"
"417",103,31,"combine","diamond_checkered_1","circle_checkered_1","",2,0,201,5.30330490805908,"diamond","checkered",1,"circle","checkered",1,"","",0,"hard"
"418",103,32,"combine","square_dots_0","circle_dots_0","square_dots_1",2,0,201,5.30330490805908,"square","dots",0,"circle","dots",0,"square","dots",1,"hard"
"419",103,33,"combine","circle_stripes_0","square_stripes_0","circle_stripes_1",2,0,201,5.30330490805908,"circle","stripes",0,"square","stripes",0,"circle","stripes",1,"hard"
"420",103,34,"combine","square_plain_0","circle_plain_0","square_plain_1",2,0,201,5.30330490805908,"square","plain",0,"circle","plain",0,"square","plain",1,"hard"
"421",103,35,"combine","circle_plain_1","square_plain_1","circle_plain_2",2,0,201,5.30330490805908,"circle","plain",1,"square","plain",1,"circle","plain",2,"hard"
"422",103,36,"consume","circle_plain_2","","",2,100,301,5.70711026474888,"circle","plain",2,"","",0,"","",0,"hard"
"423",103,37,"combine","circle_checkered_0","square_dots_0","circle_dots_1",2,0,301,5.70711026474888,"circle","checkered",0,"square","dots",0,"circle","dots",1,"hard"
"424",103,38,"combine","circle_checkered_0","diamond_dots_0","",2,0,301,5.70711026474888,"circle","checkered",0,"diamond","dots",0,"","",0,"hard"
"425",103,39,"combine","circle_stripes_1","square_stripes_1","circle_stripes_2",2,0,301,5.70711026474888,"circle","stripes",1,"square","stripes",1,"circle","stripes",2,"hard"
"426",103,40,"consume","circle_stripes_2","","",2,100,401,5.99396142730657,"circle","stripes",2,"","",0,"","",0,"hard"
"427",104,1,"combine","diamond_plain_0","triangle_dots_0","diamond_dots_1",1,0,0,0,"diamond","plain",0,"triangle","dots",0,"diamond","dots",1,"medium"
"428",104,2,"combine","diamond_dots_1","diamond_checkered_0","",1,0,0,0,"diamond","dots",1,"diamond","checkered",0,"","",0,"medium"
"429",104,3,"combine","diamond_dots_1","triangle_checkered_0","diamond_checkered_2",2,0,0,0,"diamond","dots",1,"triangle","checkered",0,"diamond","checkered",2,"medium"
"430",104,4,"combine","diamond_checkered_2","diamond_dots_0","",2,0,0,0,"diamond","checkered",2,"diamond","dots",0,"","",0,"medium"
"431",104,5,"combine","diamond_checkered_2","triangle_checkered_0","",2,0,0,0,"diamond","checkered",2,"triangle","checkered",0,"","",0,"medium"
"432",104,6,"combine","diamond_checkered_2","diamond_dots_0","",2,0,0,0,"diamond","checkered",2,"diamond","dots",0,"","",0,"medium"
"433",104,7,"combine","diamond_checkered_2","triangle_checkered_0","",2,0,0,0,"diamond","checkered",2,"triangle","checkered",0,"","",0,"medium"
"434",104,8,"combine","diamond_checkered_2","diamond_stripes_0","",2,0,0,0,"diamond","checkered",2,"diamond","stripes",0,"","",0,"medium"
"435",104,9,"combine","diamond_checkered_2","triangle_checkered_0","",2,0,0,0,"diamond","checkered",2,"triangle","checkered",0,"","",0,"medium"
"436",104,10,"combine","diamond_checkered_2","triangle_stripes_0","diamond_stripes_3",3,0,0,0,"diamond","checkered",2,"triangle","stripes",0,"diamond","stripes",3,"medium"
"437",104,11,"combine","diamond_stripes_3","triangle_checkered_0","diamond_checkered_4",4,0,0,0,"diamond","stripes",3,"triangle","checkered",0,"diamond","checkered",4,"medium"
"438",104,12,"combine","diamond_checkered_4","diamond_plain_0","",4,0,0,0,"diamond","checkered",4,"diamond","plain",0,"","",0,"medium"
"439",104,13,"combine","diamond_checkered_4","triangle_plain_0","diamond_plain_5",5,0,0,0,"diamond","checkered",4,"triangle","plain",0,"diamond","plain",5,"medium"
"440",104,14,"consume","diamond_plain_5","","",5,100000,100000,11.5129254649702,"diamond","plain",5,"","",0,"","",0,"medium"
"441",104,15,"combine","diamond_checkered_0","triangle_plain_0","diamond_plain_1",5,0,100000,11.5129254649702,"diamond","checkered",0,"triangle","plain",0,"diamond","plain",1,"medium"
"442",104,16,"combine","diamond_plain_1","diamond_plain_0","",5,0,100000,11.5129254649702,"diamond","plain",1,"diamond","plain",0,"","",0,"medium"
"443",104,17,"combine","diamond_plain_1","triangle_dots_0","diamond_dots_2",5,0,100000,11.5129254649702,"diamond","plain",1,"triangle","dots",0,"diamond","dots",2,"medium"
"444",104,18,"combine","diamond_dots_2","triangle_stripes_0","diamond_stripes_3",5,0,100000,11.5129254649702,"diamond","dots",2,"triangle","stripes",0,"diamond","stripes",3,"medium"
"445",104,19,"combine","diamond_stripes_3","circle_plain_0","",5,0,100000,11.5129254649702,"diamond","stripes",3,"circle","plain",0,"","",0,"medium"
"446",104,20,"combine","diamond_stripes_3","square_dots_0","",5,0,100000,11.5129254649702,"diamond","stripes",3,"square","dots",0,"","",0,"medium"
"447",104,21,"combine","diamond_stripes_3","circle_stripes_0","",5,0,100000,11.5129254649702,"diamond","stripes",3,"circle","stripes",0,"","",0,"medium"
"448",104,22,"combine","diamond_stripes_3","square_checkered_0","",5,0,100000,11.5129254649702,"diamond","stripes",3,"square","checkered",0,"","",0,"medium"
"449",104,23,"combine","diamond_stripes_3","circle_stripes_0","",5,0,100000,11.5129254649702,"diamond","stripes",3,"circle","stripes",0,"","",0,"medium"
"450",104,24,"combine","diamond_stripes_3","square_plain_0","",5,0,100000,11.5129254649702,"diamond","stripes",3,"square","plain",0,"","",0,"medium"
"451",104,25,"combine","diamond_stripes_3","circle_checkered_0","",5,0,100000,11.5129254649702,"diamond","stripes",3,"circle","checkered",0,"","",0,"medium"
"452",104,26,"combine","diamond_stripes_3","square_plain_0","",5,0,100000,11.5129254649702,"diamond","stripes",3,"square","plain",0,"","",0,"medium"
"453",104,27,"combine","diamond_stripes_3","circle_checkered_0","",5,0,100000,11.5129254649702,"diamond","stripes",3,"circle","checkered",0,"","",0,"medium"
"454",104,28,"combine","diamond_stripes_3","square_dots_0","",5,0,100000,11.5129254649702,"diamond","stripes",3,"square","dots",0,"","",0,"medium"
"455",104,29,"combine","diamond_stripes_3","circle_plain_0","",5,0,100000,11.5129254649702,"diamond","stripes",3,"circle","plain",0,"","",0,"medium"
"456",104,30,"combine","diamond_stripes_3","square_dots_0","",5,0,100000,11.5129254649702,"diamond","stripes",3,"square","dots",0,"","",0,"medium"
"457",104,31,"combine","diamond_stripes_3","circle_stripes_0","",5,0,100000,11.5129254649702,"diamond","stripes",3,"circle","stripes",0,"","",0,"medium"
"458",104,32,"combine","diamond_stripes_3","square_plain_0","",5,0,100000,11.5129254649702,"diamond","stripes",3,"square","plain",0,"","",0,"medium"
"459",104,33,"combine","diamond_stripes_3","circle_plain_0","",5,0,100000,11.5129254649702,"diamond","stripes",3,"circle","plain",0,"","",0,"medium"
"460",104,34,"combine","circle_stripes_0","square_checkered_0","circle_checkered_1",5,0,100000,11.5129254649702,"circle","stripes",0,"square","checkered",0,"circle","checkered",1,"medium"
"461",104,35,"combine","circle_checkered_1","circle_checkered_0","",5,0,100000,11.5129254649702,"circle","checkered",1,"circle","checkered",0,"","",0,"medium"
"462",104,36,"combine","circle_checkered_1","square_plain_0","circle_plain_2",5,0,100000,11.5129254649702,"circle","checkered",1,"square","plain",0,"circle","plain",2,"medium"
"463",104,37,"combine","circle_plain_2","circle_dots_0","",5,0,100000,11.5129254649702,"circle","plain",2,"circle","dots",0,"","",0,"medium"
"464",104,38,"combine","circle_plain_2","square_checkered_0","circle_checkered_3",5,0,100000,11.5129254649702,"circle","plain",2,"square","checkered",0,"circle","checkered",3,"medium"
"465",104,39,"combine","circle_checkered_3","circle_stripes_0","",5,0,100000,11.5129254649702,"circle","checkered",3,"circle","stripes",0,"","",0,"medium"
"466",104,40,"combine","circle_checkered_3","square_plain_0","circle_plain_4",5,0,100000,11.5129254649702,"circle","checkered",3,"square","plain",0,"circle","plain",4,"medium"
"467",105,1,"combine","diamond_checkered_0","triangle_stripes_0","diamond_stripes_1",1,0,0,0,"diamond","checkered",0,"triangle","stripes",0,"diamond","stripes",1,"medium"
"468",105,2,"consume","diamond_stripes_1","","",1,10,10,2.30258509299405,"diamond","stripes",1,"","",0,"","",0,"medium"
"469",105,3,"combine","triangle_stripes_0","diamond_checkered_0","triangle_checkered_1",1,0,10,2.30258509299405,"triangle","stripes",0,"diamond","checkered",0,"triangle","checkered",1,"medium"
"470",105,4,"consume","triangle_checkered_1","","",1,10,20,2.99573227355399,"triangle","checkered",1,"","",0,"","",0,"medium"
"471",105,5,"combine","diamond_plain_0","triangle_plain_0","",1,0,20,2.99573227355399,"diamond","plain",0,"triangle","plain",0,"","",0,"medium"
"472",105,6,"combine","diamond_plain_0","triangle_plain_0","",1,0,20,2.99573227355399,"diamond","plain",0,"triangle","plain",0,"","",0,"medium"
"473",105,7,"combine","diamond_plain_0","triangle_plain_0","",1,0,20,2.99573227355399,"diamond","plain",0,"triangle","plain",0,"","",0,"medium"
"474",105,8,"combine","diamond_plain_0","triangle_dots_0","diamond_dots_1",1,0,20,2.99573227355399,"diamond","plain",0,"triangle","dots",0,"diamond","dots",1,"medium"
"475",105,9,"consume","diamond_dots_1","","",1,10,30,3.40119738166216,"diamond","dots",1,"","",0,"","",0,"medium"
"476",105,10,"combine","triangle_dots_0","diamond_stripes_0","triangle_stripes_1",1,0,30,3.40119738166216,"triangle","dots",0,"diamond","stripes",0,"triangle","stripes",1,"medium"
"477",105,11,"consume","triangle_stripes_1","","",1,10,40,3.68887945411394,"triangle","stripes",1,"","",0,"","",0,"medium"
"478",105,12,"combine","diamond_dots_0","triangle_plain_0","diamond_plain_1",1,0,40,3.68887945411394,"diamond","dots",0,"triangle","plain",0,"diamond","plain",1,"medium"
"479",105,13,"consume","diamond_plain_1","","",1,10,50,3.91202300542815,"diamond","plain",1,"","",0,"","",0,"medium"
"480",105,14,"combine","diamond_plain_0","triangle_checkered_0","diamond_checkered_1",1,0,50,3.91202300542815,"diamond","plain",0,"triangle","checkered",0,"diamond","checkered",1,"medium"
"481",105,15,"consume","diamond_checkered_1","","",1,10,60,4.0943445622221,"diamond","checkered",1,"","",0,"","",0,"medium"
"482",105,16,"combine","triangle_checkered_0","diamond_stripes_0","triangle_stripes_1",1,0,60,4.0943445622221,"triangle","checkered",0,"diamond","stripes",0,"triangle","stripes",1,"medium"
"483",105,17,"consume","triangle_stripes_1","","",1,10,70,4.24849524204936,"triangle","stripes",1,"","",0,"","",0,"medium"
"484",105,18,"combine","diamond_dots_0","triangle_plain_0","diamond_plain_1",1,0,70,4.24849524204936,"diamond","dots",0,"triangle","plain",0,"diamond","plain",1,"medium"
"485",105,19,"consume","diamond_plain_1","","",1,10,80,4.38202663467388,"diamond","plain",1,"","",0,"","",0,"medium"
"486",105,20,"combine","square_dots_0","circle_plain_0","square_plain_1",1,0,80,4.38202663467388,"square","dots",0,"circle","plain",0,"square","plain",1,"medium"
"487",105,21,"consume","square_plain_1","","",1,10,90,4.49980967033027,"square","plain",1,"","",0,"","",0,"medium"
"488",105,22,"combine","circle_checkered_0","square_plain_0","circle_plain_1",1,0,90,4.49980967033027,"circle","checkered",0,"square","plain",0,"circle","plain",1,"medium"
"489",105,23,"consume","circle_plain_1","","",1,10,100,4.60517018598809,"circle","plain",1,"","",0,"","",0,"medium"
"490",105,24,"combine","square_dots_0","circle_stripes_0","square_stripes_1",1,0,100,4.60517018598809,"square","dots",0,"circle","stripes",0,"square","stripes",1,"medium"
"491",105,25,"consume","square_stripes_1","","",1,10,110,4.70048036579242,"square","stripes",1,"","",0,"","",0,"medium"
"492",105,26,"combine","circle_plain_0","square_plain_0","",1,0,110,4.70048036579242,"circle","plain",0,"square","plain",0,"","",0,"medium"
"493",105,27,"combine","circle_plain_0","square_stripes_0","circle_stripes_1",1,0,110,4.70048036579242,"circle","plain",0,"square","stripes",0,"circle","stripes",1,"medium"
"494",105,28,"combine","circle_stripes_1","square_plain_0","circle_plain_2",2,0,110,4.70048036579242,"circle","stripes",1,"square","plain",0,"circle","plain",2,"medium"
"495",105,29,"combine","circle_plain_2","circle_dots_0","",2,0,110,4.70048036579242,"circle","plain",2,"circle","dots",0,"","",0,"medium"
"496",105,30,"combine","circle_plain_2","circle_dots_0","",2,0,110,4.70048036579242,"circle","plain",2,"circle","dots",0,"","",0,"medium"
"497",105,31,"consume","circle_plain_2","","",2,100,210,5.34710753071747,"circle","plain",2,"","",0,"","",0,"medium"
"498",105,32,"combine","square_checkered_0","circle_dots_0","square_dots_1",2,0,210,5.34710753071747,"square","checkered",0,"circle","dots",0,"square","dots",1,"medium"
"499",105,33,"combine","square_dots_1","circle_stripes_0","square_stripes_2",2,0,210,5.34710753071747,"square","dots",1,"circle","stripes",0,"square","stripes",2,"medium"
"500",105,34,"combine","square_stripes_2","square_stripes_0","",2,0,210,5.34710753071747,"square","stripes",2,"square","stripes",0,"","",0,"medium"
"501",105,35,"combine","square_stripes_2","square_stripes_0","",2,0,210,5.34710753071747,"square","stripes",2,"square","stripes",0,"","",0,"medium"
"502",105,36,"combine","square_stripes_2","circle_dots_0","square_dots_3",3,0,210,5.34710753071747,"square","stripes",2,"circle","dots",0,"square","dots",3,"medium"
"503",105,37,"combine","square_dots_3","square_stripes_0","",3,0,210,5.34710753071747,"square","dots",3,"square","stripes",0,"","",0,"medium"
"504",105,38,"combine","square_dots_3","square_stripes_0","",3,0,210,5.34710753071747,"square","dots",3,"square","stripes",0,"","",0,"medium"
"505",105,39,"combine","square_dots_3","square_checkered_0","",3,0,210,5.34710753071747,"square","dots",3,"square","checkered",0,"","",0,"medium"
"506",105,40,"combine","square_dots_3","circle_checkered_0","square_checkered_4",4,0,210,5.34710753071747,"square","dots",3,"circle","checkered",0,"square","checkered",4,"medium"
"507",106,1,"combine","triangle_checkered_0","square_plain_0","",0,0,0,0,"triangle","checkered",0,"square","plain",0,"","",0,"medium"
"508",106,2,"combine","triangle_checkered_0","square_plain_0","",0,0,0,0,"triangle","checkered",0,"square","plain",0,"","",0,"medium"
"509",106,3,"combine","triangle_checkered_0","triangle_plain_0","",0,0,0,0,"triangle","checkered",0,"triangle","plain",0,"","",0,"medium"
"510",106,4,"combine","triangle_checkered_0","triangle_plain_0","",0,0,0,0,"triangle","checkered",0,"triangle","plain",0,"","",0,"medium"
"511",106,5,"combine","triangle_checkered_0","diamond_checkered_0","",0,0,0,0,"triangle","checkered",0,"diamond","checkered",0,"","",0,"medium"
"512",106,6,"consume","triangle_checkered_0","","",0,1,1,0,"triangle","checkered",0,"","",0,"","",0,"medium"
"513",106,7,"combine","diamond_plain_0","triangle_plain_0","",0,0,1,0,"diamond","plain",0,"triangle","plain",0,"","",0,"medium"
"514",106,8,"combine","diamond_plain_0","triangle_stripes_0","diamond_stripes_1",1,0,1,0,"diamond","plain",0,"triangle","stripes",0,"diamond","stripes",1,"medium"
"515",106,9,"combine","diamond_stripes_1","triangle_dots_0","diamond_dots_2",2,0,1,0,"diamond","stripes",1,"triangle","dots",0,"diamond","dots",2,"medium"
"516",106,10,"combine","diamond_dots_2","triangle_checkered_0","diamond_checkered_3",3,0,1,0,"diamond","dots",2,"triangle","checkered",0,"diamond","checkered",3,"medium"
"517",106,11,"combine","diamond_checkered_3","triangle_dots_0","diamond_dots_4",4,0,1,0,"diamond","checkered",3,"triangle","dots",0,"diamond","dots",4,"medium"
"518",106,12,"combine","diamond_dots_4","triangle_stripes_0","diamond_stripes_5",5,0,1,0,"diamond","dots",4,"triangle","stripes",0,"diamond","stripes",5,"medium"
"519",106,13,"consume","diamond_stripes_5","","",5,100000,100001,11.5129354649202,"diamond","stripes",5,"","",0,"","",0,"medium"
"520",106,14,"combine","circle_plain_0","square_checkered_0","circle_checkered_1",5,0,100001,11.5129354649202,"circle","plain",0,"square","checkered",0,"circle","checkered",1,"medium"
"521",106,15,"combine","circle_checkered_1","square_stripes_0","circle_stripes_2",5,0,100001,11.5129354649202,"circle","checkered",1,"square","stripes",0,"circle","stripes",2,"medium"
"522",106,16,"combine","circle_stripes_2","circle_stripes_0","",5,0,100001,11.5129354649202,"circle","stripes",2,"circle","stripes",0,"","",0,"medium"
"523",106,17,"combine","circle_stripes_2","square_dots_0","circle_dots_3",5,0,100001,11.5129354649202,"circle","stripes",2,"square","dots",0,"circle","dots",3,"medium"
"524",106,18,"combine","circle_dots_3","square_plain_0","circle_plain_4",5,0,100001,11.5129354649202,"circle","dots",3,"square","plain",0,"circle","plain",4,"medium"
"525",106,19,"combine","circle_plain_4","circle_stripes_0","",5,0,100001,11.5129354649202,"circle","plain",4,"circle","stripes",0,"","",0,"medium"
"526",106,20,"combine","circle_plain_4","square_dots_0","circle_dots_5",5,0,100001,11.5129354649202,"circle","plain",4,"square","dots",0,"circle","dots",5,"medium"
"527",106,21,"consume","circle_dots_5","","",5,100000,200001,12.2060776455177,"circle","dots",5,"","",0,"","",0,"medium"
"528",106,22,"combine","circle_checkered_0","square_plain_0","circle_plain_1",5,0,200001,12.2060776455177,"circle","checkered",0,"square","plain",0,"circle","plain",1,"medium"
"529",106,23,"combine","circle_plain_1","square_checkered_0","circle_checkered_2",5,0,200001,12.2060776455177,"circle","plain",1,"square","checkered",0,"circle","checkered",2,"medium"
"530",106,24,"combine","circle_checkered_2","square_stripes_0","circle_stripes_3",5,0,200001,12.2060776455177,"circle","checkered",2,"square","stripes",0,"circle","stripes",3,"medium"
"531",106,25,"combine","circle_stripes_3","circle_dots_0","",5,0,200001,12.2060776455177,"circle","stripes",3,"circle","dots",0,"","",0,"medium"
"532",106,26,"combine","triangle_plain_0","diamond_plain_0","",5,0,200001,12.2060776455177,"triangle","plain",0,"diamond","plain",0,"","",0,"medium"
"533",106,27,"combine","triangle_plain_0","diamond_stripes_0","triangle_stripes_1",5,0,200001,12.2060776455177,"triangle","plain",0,"diamond","stripes",0,"triangle","stripes",1,"medium"
"534",106,28,"combine","triangle_stripes_1","diamond_dots_0","triangle_dots_2",5,0,200001,12.2060776455177,"triangle","stripes",1,"diamond","dots",0,"triangle","dots",2,"medium"
"535",106,29,"combine","triangle_dots_2","diamond_checkered_0","triangle_checkered_3",5,0,200001,12.2060776455177,"triangle","dots",2,"diamond","checkered",0,"triangle","checkered",3,"medium"
"536",106,30,"combine","triangle_checkered_3","triangle_plain_0","",5,0,200001,12.2060776455177,"triangle","checkered",3,"triangle","plain",0,"","",0,"medium"
"537",106,31,"combine","triangle_checkered_3","diamond_stripes_0","triangle_stripes_4",5,0,200001,12.2060776455177,"triangle","checkered",3,"diamond","stripes",0,"triangle","stripes",4,"medium"
"538",106,32,"combine","triangle_stripes_4","diamond_dots_0","triangle_dots_5",5,0,200001,12.2060776455177,"triangle","stripes",4,"diamond","dots",0,"triangle","dots",5,"medium"
"539",106,33,"consume","triangle_dots_5","","",5,100000,300001,12.6115410869661,"triangle","dots",5,"","",0,"","",0,"medium"
"540",106,34,"combine","triangle_plain_0","diamond_checkered_0","triangle_checkered_1",5,0,300001,12.6115410869661,"triangle","plain",0,"diamond","checkered",0,"triangle","checkered",1,"medium"
"541",106,35,"combine","triangle_checkered_1","diamond_plain_0","triangle_plain_2",5,0,300001,12.6115410869661,"triangle","checkered",1,"diamond","plain",0,"triangle","plain",2,"medium"
"542",106,36,"consume","triangle_plain_2","","",5,100,300101,12.6118743636455,"triangle","plain",2,"","",0,"","",0,"medium"
"543",106,37,"consume","circle_plain_0","","",5,1,300102,12.6118776958514,"circle","plain",0,"","",0,"","",0,"medium"
"544",106,38,"consume","circle_stripes_3","","",5,1000,301102,12.6152043567593,"circle","stripes",3,"","",0,"","",0,"medium"
"545",106,39,"consume","circle_dots_0","","",5,1,301103,12.6152076778875,"circle","dots",0,"","",0,"","",0,"medium"
"546",106,40,"consume","circle_checkered_0","","",5,1,301104,12.6152109990046,"circle","checkered",0,"","",0,"","",0,"medium"
"547",107,1,"combine","diamond_stripes_0","triangle_dots_0","diamond_dots_1",1,0,0,0,"diamond","stripes",0,"triangle","dots",0,"diamond","dots",1,"medium"
"548",107,2,"consume","diamond_dots_1","","",1,10,10,2.30258509299405,"diamond","dots",1,"","",0,"","",0,"medium"
"549",107,3,"combine","triangle_dots_0","diamond_stripes_0","triangle_stripes_1",1,0,10,2.30258509299405,"triangle","dots",0,"diamond","stripes",0,"triangle","stripes",1,"medium"
"550",107,4,"combine","triangle_stripes_1","triangle_plain_0","",1,0,10,2.30258509299405,"triangle","stripes",1,"triangle","plain",0,"","",0,"medium"
"551",107,5,"consume","triangle_stripes_1","","",1,10,20,2.99573227355399,"triangle","stripes",1,"","",0,"","",0,"medium"
"552",107,6,"combine","triangle_plain_0","diamond_checkered_0","triangle_checkered_1",1,0,20,2.99573227355399,"triangle","plain",0,"diamond","checkered",0,"triangle","checkered",1,"medium"
"553",107,7,"consume","triangle_checkered_1","","",1,10,30,3.40119738166216,"triangle","checkered",1,"","",0,"","",0,"medium"
"554",107,8,"combine","circle_dots_0","square_checkered_0","circle_checkered_1",1,0,30,3.40119738166216,"circle","dots",0,"square","checkered",0,"circle","checkered",1,"medium"
"555",107,9,"consume","circle_checkered_1","","",1,10,40,3.68887945411394,"circle","checkered",1,"","",0,"","",0,"medium"
"556",107,10,"combine","circle_checkered_0","square_checkered_0","",1,0,40,3.68887945411394,"circle","checkered",0,"square","checkered",0,"","",0,"medium"
"557",107,11,"combine","circle_checkered_0","square_checkered_0","",1,0,40,3.68887945411394,"circle","checkered",0,"square","checkered",0,"","",0,"medium"
"558",107,12,"combine","circle_checkered_0","square_plain_0","circle_plain_1",1,0,40,3.68887945411394,"circle","checkered",0,"square","plain",0,"circle","plain",1,"medium"
"559",107,13,"combine","circle_plain_1","circle_plain_0","",1,0,40,3.68887945411394,"circle","plain",1,"circle","plain",0,"","",0,"medium"
"560",107,14,"combine","circle_plain_1","triangle_stripes_0","",1,0,40,3.68887945411394,"circle","plain",1,"triangle","stripes",0,"","",0,"medium"
"561",107,15,"combine","circle_plain_1","diamond_checkered_0","",1,0,40,3.68887945411394,"circle","plain",1,"diamond","checkered",0,"","",0,"medium"
"562",107,16,"combine","circle_plain_1","circle_stripes_0","",1,0,40,3.68887945411394,"circle","plain",1,"circle","stripes",0,"","",0,"medium"
"563",107,17,"combine","circle_plain_1","square_dots_0","circle_dots_2",2,0,40,3.68887945411394,"circle","plain",1,"square","dots",0,"circle","dots",2,"medium"
"564",107,18,"combine","circle_dots_2","triangle_plain_0","",2,0,40,3.68887945411394,"circle","dots",2,"triangle","plain",0,"","",0,"medium"
"565",107,19,"combine","circle_dots_2","square_plain_0","circle_plain_3",3,0,40,3.68887945411394,"circle","dots",2,"square","plain",0,"circle","plain",3,"medium"
"566",107,20,"combine","circle_plain_3","circle_plain_0","",3,0,40,3.68887945411394,"circle","plain",3,"circle","plain",0,"","",0,"medium"
"567",107,21,"combine","circle_plain_3","square_dots_0","circle_dots_4",4,0,40,3.68887945411394,"circle","plain",3,"square","dots",0,"circle","dots",4,"medium"
"568",107,22,"consume","circle_dots_4","","",4,10000,10040,9.21433239324572,"circle","dots",4,"","",0,"","",0,"medium"
"569",107,23,"combine","circle_stripes_0","square_checkered_0","circle_checkered_1",4,0,10040,9.21433239324572,"circle","stripes",0,"square","checkered",0,"circle","checkered",1,"medium"
"570",107,24,"consume","circle_checkered_1","","",4,10,10050,9.21532791348722,"circle","checkered",1,"","",0,"","",0,"medium"
"571",107,25,"combine","diamond_checkered_0","triangle_stripes_0","diamond_stripes_1",4,0,10050,9.21532791348722,"diamond","checkered",0,"triangle","stripes",0,"diamond","stripes",1,"medium"
"572",107,26,"combine","diamond_stripes_1","square_stripes_0","",4,0,10050,9.21532791348722,"diamond","stripes",1,"square","stripes",0,"","",0,"medium"
"573",107,27,"combine","diamond_stripes_1","triangle_stripes_0","",4,0,10050,9.21532791348722,"diamond","stripes",1,"triangle","stripes",0,"","",0,"medium"
"574",107,28,"combine","diamond_stripes_1","triangle_stripes_0","",4,0,10050,9.21532791348722,"diamond","stripes",1,"triangle","stripes",0,"","",0,"medium"
"575",107,29,"combine","diamond_stripes_1","circle_plain_0","",4,0,10050,9.21532791348722,"diamond","stripes",1,"circle","plain",0,"","",0,"medium"
"576",107,30,"combine","diamond_stripes_1","circle_dots_0","",4,0,10050,9.21532791348722,"diamond","stripes",1,"circle","dots",0,"","",0,"medium"
"577",107,31,"combine","diamond_stripes_1","circle_dots_0","",4,0,10050,9.21532791348722,"diamond","stripes",1,"circle","dots",0,"","",0,"medium"
"578",107,32,"consume","diamond_stripes_1","","",4,10,10060,9.21632244365373,"diamond","stripes",1,"","",0,"","",0,"medium"
"579",107,33,"combine","circle_dots_0","square_stripes_0","circle_stripes_1",4,0,10060,9.21632244365373,"circle","dots",0,"square","stripes",0,"circle","stripes",1,"medium"
"580",107,34,"consume","circle_stripes_1","","",4,10,10070,9.21731598571261,"circle","stripes",1,"","",0,"","",0,"medium"
"581",107,35,"combine","circle_checkered_0","circle_plain_0","",4,0,10070,9.21731598571261,"circle","checkered",0,"circle","plain",0,"","",0,"medium"
"582",107,36,"combine","circle_checkered_0","circle_plain_0","",4,0,10070,9.21731598571261,"circle","checkered",0,"circle","plain",0,"","",0,"medium"
"583",107,37,"combine","circle_checkered_0","circle_plain_0","",4,0,10070,9.21731598571261,"circle","checkered",0,"circle","plain",0,"","",0,"medium"
"584",107,38,"combine","circle_checkered_0","square_stripes_0","circle_stripes_1",4,0,10070,9.21731598571261,"circle","checkered",0,"square","stripes",0,"circle","stripes",1,"medium"
"585",107,39,"consume","circle_stripes_1","","",4,10,10080,9.21830854162536,"circle","stripes",1,"","",0,"","",0,"medium"
"586",107,40,"combine","diamond_dots_0","triangle_checkered_0","diamond_checkered_1",4,0,10080,9.21830854162536,"diamond","dots",0,"triangle","checkered",0,"diamond","checkered",1,"medium"
